region,property_type,price_total,avg_price_per_night_estimate,price_per_guest,guests,bedrooms,beds,baths,beds_per_guest,bedrooms_per_guest,superhost_binary,favourite,review_index,review_category,num_reviews,host_name,latitude,longitude,has_reviews,high_capacity,premium_host
panorama,Διαμέρισμα,365.0,73,121.66666666666667,3.0,4.0,1.0,1.0,0.3333333333333333,1.3333333333333333,1,0,4.86,excellent,21.0,olga,40.64058,22.95678,1,0,0
panorama,Γκαρσονιέρα,150.0,30,75.0,2.0,2.0,1.0,1.0,0.5,1.0,1,0,4.63,good,67.0,giannis,40.6378,22.9571,1,0,0
panorama,Γκαρσονιέρα,225.0,45,112.5,2.0,1.0,1.0,1.0,0.5,0.5,1,0,4.52,good,101.0,halu,40.61738,22.96212,1,0,0
panorama,Βίλα,255.0,51,63.75,4.0,3.0,2.0,1.0,0.5,0.75,1,0,4.85,excellent,11.0,αθανασιος,40.5974,22.9632,1,1,0
panorama,Διαμέρισμα,210.0,42,70.0,3.0,2.0,1.0,1.0,0.3333333333333333,0.6666666666666666,1,0,4.89,excellent,72.0,apostolos,40.6369,22.9391,1,0,0
panorama,Γκαρσονιέρα,240.0,48,120.0,2.0,1.0,1.0,1.0,0.5,0.5,1,0,4.81,excellent,48.0,the luxury suites,40.6394,22.93775,1,0,0
panorama,Διαμέρισμα,460.0,92,115.0,4.0,2.0,2.0,5.0,0.5,0.5,1,0,4.86,excellent,10.0,tomascristina skgbnb,40.599,22.9553,1,1,0
panorama,Διαμέρισμα,235.0,47,58.75,4.0,2.0,1.0,1.0,0.25,0.5,1,0,4.71,excellent,24.0,prodromos,40.6032,22.9629,1,1,0
panorama,Διαμέρισμα,220.0,44,55.0,4.0,2.0,1.0,1.0,0.25,0.5,1,0,4.63,good,16.0,the luxury suites,40.6401,22.9381,1,1,0
panorama,Διαμέρισμα,220.0,44,55.0,4.0,2.0,1.0,1.0,0.25,0.5,1,0,4.57,good,23.0,the luxury suites,40.64128,22.93839,1,1,0
panorama,Διαμέρισμα,570.0,114,114.0,5.0,2.0,2.0,1.0,0.4,0.4,1,0,4.85,excellent,9.0,dimitrios,40.5844,23.027,1,1,0
panorama,Διαμέρισμα,240.0,48,80.0,3.0,2.0,1.0,1.0,0.3333333333333333,0.6666666666666666,1,0,4.88,excellent,24.0,γρηγορία,40.6422,22.9587,1,0,0
panorama,Διαμέρισμα,245.0,49,81.66666666666667,3.0,1.0,1.0,1.0,0.3333333333333333,0.3333333333333333,1,0,4.48,good,75.0,smart plan,40.65086,22.9391,1,0,0
panorama,Διαμέρισμα,225.0,45,56.25,4.0,2.0,1.0,1.0,0.25,0.5,1,0,4.53,good,5.0,the luxury suites,40.64035,22.93763,1,1,0
panorama,Διαμέρισμα,275.0,55,91.66666666666667,3.0,2.0,2.0,1.0,0.6666666666666666,0.6666666666666666,1,0,5.0,excellent,0.0,pavlos,40.6597,22.9553,0,0,0
panorama,Διαμέρισμα,215.0,43,71.66666666666667,3.0,2.0,1.0,1.0,0.3333333333333333,0.6666666666666666,1,0,4.19,good,20.0,forget the hotel,40.64178,22.941,1,0,0
panorama,Διαμέρισμα,225.0,45,56.25,4.0,2.0,1.0,1.0,0.25,0.5,1,0,4.48,good,48.0,the luxury suites,40.6377,22.93811,1,1,0
panorama,Διαμέρισμα,300.0,60,100.0,3.0,2.0,1.0,1.0,0.3333333333333333,0.6666666666666666,1,0,4.68,good,28.0,φωτιος,40.6352,22.9407,1,0,0
panorama,Βίλα,300.0,60,42.857142857142854,7.0,6.0,3.0,5.0,0.42857142857142855,0.8571428571428571,1,0,4.85,excellent,7.0,kostis,40.5993,22.955,1,1,0
panorama,Γκαρσονιέρα,290.0,58,145.0,2.0,1.0,1.0,1.0,0.5,0.5,1,0,4.91,excellent,33.0,cristina and tomas skgbnb,40.64218,22.95623,1,0,0
panorama,Γκαρσονιέρα,365.0,73,182.5,2.0,1.0,1.0,1.0,0.5,0.5,1,0,4.85,excellent,17.0,ilias,40.61461,22.97804,1,0,0
panorama,Διαμέρισμα,250.0,50,83.33333333333333,3.0,2.0,1.0,1.0,0.3333333333333333,0.6666666666666666,1,0,4.75,excellent,44.0,panagiotis,40.6055,22.9525,1,0,0
panorama,Διαμέρισμα,355.0,71,118.33333333333333,3.0,2.0,1.0,1.0,0.3333333333333333,0.6666666666666666,1,0,4.85,excellent,9.0,ilias,40.6142,22.9787,1,0,0
panorama,Διαμέρισμα,250.0,50,83.33333333333333,3.0,2.0,1.0,1.0,0.3333333333333333,0.6666666666666666,1,0,4.75,excellent,55.0,the luxury suites,40.63988,22.93939,1,0,0
panorama,Διαμέρισμα,425.0,85,106.25,4.0,2.0,1.0,1.0,0.25,0.5,1,0,4.93,excellent,14.0,despoina,40.6142,22.9787,1,1,0
panorama,Γκαρσονιέρα,300.0,60,150.0,2.0,2.0,1.0,1.0,0.5,1.0,1,0,4.69,good,67.0,mariana,40.6321,22.9493,1,0,0
panorama,Διαμέρισμα,305.0,61,76.25,4.0,2.0,1.0,1.0,0.25,0.5,1,0,4.88,excellent,43.0,pau,40.6023,22.9702,1,1,0
panorama,Διαμέρισμα,335.0,67,83.75,4.0,2.0,1.0,1.0,0.25,0.5,1,0,4.86,excellent,7.0,pau,40.6022,22.9701,1,1,0
panorama,Διαμέρισμα,350.0,70,87.5,4.0,2.0,1.0,1.0,0.25,0.5,1,0,4.81,excellent,16.0,tomascristina skgbnb,40.6228,22.9609,1,1,0
panorama,Διαμέρισμα,260.0,52,65.0,4.0,2.0,1.0,1.0,0.25,0.5,1,0,4.86,excellent,29.0,avraam,40.6096,22.9709,1,1,0
panorama,Διαμέρισμα,345.0,69,86.25,4.0,1.0,1.0,1.0,0.25,0.25,1,0,4.77,excellent,108.0,doormat,40.6075,22.9599,1,1,0
panorama,Διαμέρισμα,415.0,83,103.75,4.0,2.0,2.0,1.0,0.5,0.5,1,0,4.98,excellent,9.0,aigaiou house 1,40.6682,22.9188,1,1,0
panorama,Γκαρσονιέρα,250.0,50,125.0,2.0,1.0,1.0,1.0,0.5,0.5,1,0,4.59,good,27.0,magda,40.6333,22.9435,1,0,0
panorama,Διαμέρισμα,285.0,57,71.25,4.0,2.0,2.0,1.0,0.5,0.5,1,0,4.85,excellent,10.0,cristina and tomas skgbnb,40.64203,22.9628,1,1,0
panorama,Γκαρσονιέρα,355.0,71,177.5,2.0,2.0,1.0,1.0,0.5,1.0,1,0,4.25,good,8.0,ирина,40.57897,22.94811,1,0,0
panorama,Διαμέρισμα,290.0,58,72.5,4.0,2.0,1.0,1.0,0.25,0.5,1,0,4.69,good,13.0,cristina and tomas skgbnb,40.61776,22.95587,1,1,0
panorama,Γκαρσονιέρα,215.0,43,107.5,2.0,1.0,1.0,1.0,0.5,0.5,1,0,4.71,excellent,38.0,natasa,40.6383,22.9412,1,0,0
panorama,Διαμέρισμα,275.0,55,45.833333333333336,6.0,2.0,2.0,1.0,0.3333333333333333,0.3333333333333333,1,0,4.83,excellent,30.0,rolando,40.60738,22.95249,1,1,0
panorama,Διαμέρισμα,385.0,77,128.33333333333334,3.0,2.0,2.0,1.0,0.6666666666666666,0.6666666666666666,1,0,4.85,excellent,3.0,philelina,40.59023818,22.95923618,1,0,0
panorama,Διαμέρισμα,250.0,50,83.33333333333333,3.0,1.0,1.0,1.0,0.3333333333333333,0.3333333333333333,1,0,4.56,good,16.0,αναστάσιος,40.5984,22.9567,1,0,0
panorama,Διαμέρισμα,310.0,62,103.33333333333333,3.0,1.0,1.0,1.0,0.3333333333333333,0.3333333333333333,1,0,4.77,excellent,9.0,dimitriadis,40.6094,22.9618,1,0,0
panorama,Γκαρσονιέρα,250.0,50,125.0,2.0,1.0,1.0,1.0,0.5,0.5,1,0,4.79,excellent,28.0,γιάννης,40.6426,22.9467,1,0,0
panorama,Διαμέρισμα,315.0,63,78.75,4.0,2.0,1.0,1.0,0.25,0.5,1,0,4.74,excellent,27.0,ваня,40.6049,22.9553,1,1,0
panorama,Διαμέρισμα,350.0,70,87.5,4.0,2.0,1.0,1.0,0.25,0.5,1,0,4.95,excellent,58.0,artemis,40.6053,22.9529,1,1,0
panorama,Διαμέρισμα,255.0,51,85.0,3.0,1.0,1.0,1.0,0.3333333333333333,0.3333333333333333,1,0,4.92,excellent,25.0,cristina and tomas skgbnb,40.62006017,22.95499402,1,0,0
panorama,Γκαρσονιέρα,160.0,32,80.0,2.0,1.0,1.0,1.0,0.5,0.5,1,0,4.53,good,34.0,athanasios,40.6436,22.9397,1,0,0
panorama,Διαμέρισμα,255.0,51,85.0,3.0,2.0,1.0,1.0,0.3333333333333333,0.6666666666666666,1,0,4.47,good,60.0,halu,40.64523602,22.9197416,1,0,0
panorama,Γκαρσονιέρα,280.0,56,140.0,2.0,1.0,1.0,1.0,0.5,0.5,1,0,4.78,excellent,9.0,halu,40.64568652,22.91981929,1,0,0
panorama,Γκαρσονιέρα,275.0,55,137.5,2.0,1.0,1.0,1.0,0.5,0.5,1,0,4.69,good,42.0,halu,40.64389296,22.91975242,1,0,0
panorama,Γκαρσονιέρα,165.0,33,82.5,2.0,1.0,1.0,1.0,0.5,0.5,1,0,4.81,excellent,27.0,konstantinos,40.60925,22.97331,1,0,0
panorama,Γκαρσονιέρα,440.0,88,220.0,2.0,1.0,1.0,1.0,0.5,0.5,1,0,4.85,excellent,10.0,dimitra,40.5669,22.9574,1,0,0
panorama,Διαμέρισμα,360.0,72,120.0,3.0,2.0,1.0,1.0,0.3333333333333333,0.6666666666666666,1,0,4.19,good,3.0,nilie premium hospitality mgmt,40.6078,22.963,1,0,0
panorama,Γκαρσονιέρα,270.0,54,135.0,2.0,1.0,1.0,1.0,0.5,0.5,1,0,4.91,excellent,3.0,citycube,40.629,22.9513,1,0,0
panorama,Διαμέρισμα,320.0,64,106.66666666666667,3.0,2.0,1.0,1.0,0.3333333333333333,0.6666666666666666,1,0,4.71,excellent,7.0,cristina and tomas skgbnb,40.61021,22.95957,1,0,0
panorama,Διαμέρισμα,225.0,45,56.25,4.0,2.0,1.0,1.0,0.25,0.5,1,0,4.69,good,13.0,the foxs lair,40.638,22.9386,1,1,0
panorama,Διαμέρισμα,370.0,74,92.5,4.0,1.0,1.0,1.0,0.25,0.25,1,0,4.85,excellent,5.0,cristina and tomas skgbnb,40.59602881,22.98602206,1,1,0
panorama,Διαμέρισμα,,0,148.25,3.0,3.0,1.0,1.0,0.3333333333333333,1.0,1,0,4.63,good,16.0,σμαραγδα,40.6326,22.9516,1,0,0
panorama,Διαμέρισμα,3498.98,117,699.796,5.0,2.0,2.0,1.0,0.4,0.4,1,0,4.97,excellent,8.0,katerina,40.5728,22.967,1,1,0
panorama,Γκαρσονιέρα,997.63,33,498.815,2.0,1.0,1.0,1.0,0.5,0.5,1,0,4.33,good,3.0,ilias,40.65007216,22.93960083,1,0,0
panorama,Γκαρσονιέρα,901.83,30,450.915,2.0,1.0,1.0,1.0,0.5,0.5,1,0,0.0,average,0.0,mixalis,40.64311,22.85905,0,0,0
panorama,Γκαρσονιέρα,1301.72,43,650.86,2.0,1.0,1.0,1.0,0.5,0.5,1,0,4.21,good,14.0,elina,40.63890058,22.95039359,1,0,0
panorama,Διαμέρισμα,2152.25,72,538.0625,4.0,2.0,1.0,1.0,0.25,0.5,1,0,4.85,excellent,2.0,infinity living,40.61892275,22.95962405,1,1,0
panorama,Γκαρσονιέρα,1081.01,36,540.505,2.0,1.0,1.0,1.0,0.5,0.5,1,0,4.69,good,4.0,ilias,40.64848,22.93794,1,0,0
panorama,Γκαρσονιέρα,1689.9,56,844.95,2.0,1.0,1.0,1.0,0.5,0.5,1,0,4.71,excellent,3.0,sofia,40.64452504,22.94383378,1,0,0
panorama,Διαμέρισμα,3227.15,108,1075.7166666666667,3.0,1.0,1.0,5.0,0.3333333333333333,0.3333333333333333,1,0,5.0,excellent,0.0,dimitris,40.60900243,22.99334174,0,0,0
panorama,Γκαρσονιέρα,1170.99,39,585.495,2.0,1.0,1.0,1.0,0.5,0.5,1,0,4.74,excellent,20.0,savas,40.6364,22.9594,1,0,0
panorama,Διαμέρισμα,1848.73,62,616.2433333333333,3.0,1.0,1.0,1.0,0.3333333333333333,0.3333333333333333,1,0,4.57,good,14.0,λενα νου,40.61592616,22.95538138,1,0,0
panorama,Διαμέρισμα,1941.83,65,647.2766666666666,3.0,2.0,1.0,1.0,0.3333333333333333,0.6666666666666666,1,0,4.56,good,27.0,homevision,40.6358,22.9366,1,0,0
panorama,Διαμέρισμα,2287.62,76,457.524,5.0,2.0,2.0,1.0,0.4,0.4,1,0,4.85,excellent,3.0,petrika,40.6051,22.9584,1,1,0
panorama,Διαμέρισμα,1789.58,60,596.5266666666666,3.0,1.0,1.0,1.0,0.3333333333333333,0.3333333333333333,1,0,4.73,excellent,11.0,homevision,40.618,22.958,1,0,0
panorama,Διαμέρισμα,2551.8,85,850.6,3.0,1.0,1.0,1.0,0.3333333333333333,0.3333333333333333,1,0,4.75,excellent,4.0,nana,40.6181,22.9775,1,0,0
panorama,Διαμέρισμα,2900.93,97,362.61625,8.0,2.0,2.0,1.0,0.25,0.25,1,0,4.74,excellent,2.0,osher,40.6195,22.9581,1,1,0
panorama,Διαμέρισμα,866.75,29,288.9166666666667,3.0,1.0,1.0,1.0,0.3333333333333333,0.3333333333333333,1,0,4.85,excellent,5.0,πέτρος,40.6416,22.9391,1,0,0
panorama,Γκαρσονιέρα,1748.08,58,874.04,2.0,1.0,1.0,1.0,0.5,0.5,1,0,4.85,excellent,6.0,fotini,40.644,22.9239,1,0,0
panorama,Διαμέρισμα,1764.32,59,588.1066666666667,3.0,3.0,2.0,1.0,0.6666666666666666,1.0,1,0,4.46,good,3.0,maria,40.6213,22.9574,1,0,0
panorama,Διαμέρισμα,698.49,23,232.83,3.0,1.0,1.0,1.0,0.3333333333333333,0.3333333333333333,1,0,4.74,excellent,20.0,,40.6121,22.9739,1,0,0
panorama,Διαμέρισμα,2082.16,69,520.54,4.0,2.0,2.0,1.0,0.5,0.5,1,0,4.85,excellent,12.0,xanthi,40.6085,22.9578,1,1,0
panorama,Διαμέρισμα,1614.43,54,538.1433333333333,3.0,2.0,2.0,1.0,0.6666666666666666,0.6666666666666666,1,0,4.75,excellent,3.0,angelis,40.6223,22.9613,1,0,0
panorama,Διαμέρισμα,560.54,19,186.84666666666666,3.0,1.0,1.0,1.0,0.3333333333333333,0.3333333333333333,1,0,4.35,good,17.0,,40.61086,22.97371,1,0,0
panorama,Διαμέρισμα,2199.26,73,549.815,4.0,2.0,1.0,1.0,0.25,0.5,1,1,4.85,excellent,22.0,hristijan,40.6086,22.9558,1,1,1
panorama,Βίλα,1960.39,65,392.07800000000003,5.0,3.0,2.0,1.0,0.4,0.6,1,0,4.85,excellent,6.0,ουρανία,40.6176,22.9598,1,1,0
panorama,Διαμέρισμα,2243.11,75,747.7033333333334,3.0,2.0,1.0,1.0,0.3333333333333333,0.6666666666666666,1,0,5.0,excellent,0.0,γκατζελης γιωργος,40.6056,22.9749,0,0,0
panorama,Γκαρσονιέρα,,0,148.25,2.0,1.0,1.0,1.0,0.5,0.5,1,0,4.85,excellent,4.0,evangelos,40.6141,22.9662,1,0,0
panorama,Διαμέρισμα,3328.34,111,832.085,4.0,2.0,2.0,2.0,0.5,0.5,1,0,4.87,excellent,5.0,konstantinos,40.6002,22.9606,1,1,0
panorama,Βίλα,,0,148.25,5.0,3.0,2.0,1.0,0.4,0.6,1,0,4.86,excellent,14.0,ελενα,40.65427,22.9535,1,1,0
panorama,Διαμέρισμα,2163.08,72,721.0266666666666,3.0,2.0,1.0,1.0,0.3333333333333333,0.6666666666666666,1,0,4.85,excellent,2.0,daisy,40.59414,22.95301,1,0,0
panorama,Βίλα,2519.97,84,503.99399999999997,5.0,3.0,2.0,1.0,0.4,0.6,1,0,4.85,excellent,8.0,πηγή,40.61219,22.97668,1,1,0
panorama,Γκαρσονιέρα,1504.53,50,752.265,2.0,1.0,1.0,1.0,0.5,0.5,1,0,4.85,excellent,13.0,xristina,40.6377,22.9553,1,0,0
panorama,Διαμέρισμα,2225.09,74,741.6966666666667,3.0,2.0,2.0,1.0,0.6666666666666666,0.6666666666666666,1,0,4.85,excellent,2.0,nova stores ike,40.6394,22.9579,1,0,0
panorama,Διαμέρισμα,1344.42,45,268.884,5.0,1.0,1.0,1.0,0.2,0.2,1,0,4.33,good,3.0,τόνι,40.60678,22.97781,1,1,0
panorama,Γκαρσονιέρα,,0,148.25,2.0,2.0,1.0,1.0,0.5,1.0,1,0,4.87,excellent,23.0,χαρούλα,40.6288,23.04427,1,0,0
panorama,Διαμέρισμα,4328.28,144,721.38,6.0,2.0,2.0,1.0,0.3333333333333333,0.3333333333333333,1,0,4.85,excellent,4.0,βασίλης,40.6,22.9673,1,1,0
panorama,Διαμέρισμα,1140.31,38,285.0775,4.0,1.0,1.0,1.0,0.25,0.25,1,0,4.36,good,11.0,savas,40.6503,22.9376,1,1,0
panorama,Διαμέρισμα,1174.08,39,293.52,4.0,1.0,1.0,1.0,0.25,0.25,1,0,4.25,good,4.0,savas,40.6436,22.9389,1,1,0
panorama,Διαμέρισμα,1199.29,40,399.7633333333333,3.0,2.0,1.0,1.0,0.3333333333333333,0.6666666666666666,1,0,4.0,good,0.0,metro central apartments,40.6441,22.9278,0,0,0
panorama,Διαμέρισμα,1609.13,54,536.3766666666667,3.0,1.0,1.0,1.0,0.3333333333333333,0.3333333333333333,1,0,4.78,excellent,18.0,room8 suites,40.6367,22.9524,1,0,0
panorama,Διαμέρισμα,1609.13,54,536.3766666666667,3.0,1.0,1.0,1.0,0.3333333333333333,0.3333333333333333,1,0,4.86,excellent,7.0,room8 suites,40.6367,22.9524,1,0,0
panorama,Διαμέρισμα,1513.46,50,504.4866666666667,3.0,1.0,1.0,1.0,0.3333333333333333,0.3333333333333333,1,0,4.83,excellent,6.0,room8 suites,40.6367,22.9524,1,0,0
panorama,Διαμέρισμα,1350.91,45,450.30333333333334,3.0,3.0,1.0,1.0,0.3333333333333333,1.0,1,0,4.85,excellent,5.0,nikos,40.6385,22.936,1,0,0
panorama,Στούντιο,695.39,23,695.39,1.0,1.0,1.0,1.0,1.0,1.0,1,0,4.93,excellent,15.0,city space by dimitrios,40.6395,22.9473,1,0,0
panorama,Διαμέρισμα,1301.7,43,325.425,4.0,2.0,1.0,1.0,0.25,0.5,1,0,4.75,excellent,4.0,irene,40.6204,22.9559,1,1,0
panorama,Διαμέρισμα,2269.73,76,567.4325,4.0,2.0,1.0,1.0,0.25,0.5,1,0,4.85,excellent,3.0,panagiota,40.6019,22.9571,1,1,0
panorama,Βίλα,2994.33,100,748.5825,4.0,3.0,2.0,1.0,0.5,0.75,1,0,4.75,excellent,4.0,homevision,40.6308,22.9513,1,1,0
panorama,Διαμέρισμα,3087.09,103,617.418,5.0,2.0,2.0,1.0,0.4,0.4,1,0,4.48,good,298.0,halkidiki travelpro services,40.59822,22.96275,1,1,0
panorama,Διαμέρισμα,3032.92,101,758.23,4.0,1.0,1.0,1.0,0.25,0.25,1,0,4.52,good,29.0,elena,40.6042,22.9618,1,1,0
panorama,Διαμέρισμα,1486.65,50,495.55,3.0,1.0,1.0,1.0,0.3333333333333333,0.3333333333333333,1,0,4.41,good,737.0,smart plan,40.64119,22.93437,1,0,0
panorama,Διαμέρισμα,1486.65,50,371.6625,4.0,1.0,1.0,1.0,0.25,0.25,1,0,4.41,good,2.0,smart plan,40.64077,22.93334,1,1,0
panorama,Διαμέρισμα,1221.57,41,407.19,3.0,1.0,1.0,1.0,0.3333333333333333,0.3333333333333333,1,0,0.0,average,0.0,στυλιανος,40.6385,22.9551,0,0,0
panorama,Διαμέρισμα,4863.66,162,810.61,6.0,2.0,2.0,1.0,0.3333333333333333,0.3333333333333333,1,0,4.75,excellent,24.0,g  g apartments,40.6591,22.9449,1,1,0
panorama,Γκαρσονιέρα,2155.08,72,1077.54,2.0,1.0,1.0,1.0,0.5,0.5,1,0,5.0,excellent,0.0,marialena,40.6153,22.9635,0,0,0
panorama,Διαμέρισμα,3291.08,110,822.77,4.0,2.0,2.0,1.0,0.5,0.5,1,0,4.43,good,14.0,natassa,40.6068,22.958,1,1,0
panorama,Διαμέρισμα,1190.48,40,297.62,4.0,2.0,1.0,1.0,0.25,0.5,1,0,4.56,good,6.0,ιωαννης,40.64117,22.93385,1,1,0
panorama,Διαμέρισμα,1055.96,35,351.9866666666667,3.0,1.0,1.0,1.0,0.3333333333333333,0.3333333333333333,1,0,4.72,excellent,64.0,georgios,40.6446,22.9236,1,0,0
panorama,Γκαρσονιέρα,1682.33,56,841.165,2.0,1.0,1.0,1.0,0.5,0.5,1,0,4.85,excellent,10.0,κώστας,40.59620536,22.96445134,1,0,0
panorama,Γκαρσονιέρα,1315.38,44,657.69,2.0,1.0,1.0,1.0,0.5,0.5,1,0,0.0,average,0.0,nikolas,40.63063391,22.96703111,0,0,0
panorama,Γκαρσονιέρα,1592.62,53,796.31,2.0,1.0,1.0,1.0,0.5,0.5,1,0,4.38,good,633.0,maryland,40.6093,22.9619,1,0,0
panorama,Γκαρσονιέρα,975.19,33,487.595,2.0,1.0,1.0,1.0,0.5,0.5,1,0,4.85,excellent,2.0,αθανασιος,40.6424,22.9314,1,0,0
panorama,Διαμέρισμα,1231.58,41,410.52666666666664,3.0,2.0,1.0,1.0,0.3333333333333333,0.6666666666666666,1,0,5.0,excellent,0.0,alex and theodora,40.5879,22.9567,0,0,0
panorama,Διαμέρισμα,,0,148.25,3.0,2.0,1.0,1.0,0.3333333333333333,0.6666666666666666,1,0,5.0,excellent,0.0,vicky,40.63748104,22.95310555,0,0,0
panorama,Γκαρσονιέρα,2344.16,78,1172.08,2.0,1.0,1.0,1.0,0.5,0.5,1,0,4.19,good,553.0,nilie premium hospitality mgmt,40.63418,22.94489,1,0,0
panorama,Γκαρσονιέρα,1990.8,66,995.4,2.0,1.0,1.0,1.0,0.5,0.5,1,0,4.83,excellent,12.0,panos,40.6315,22.9514,1,0,0
panorama,Βίλα,2656.79,89,531.358,5.0,3.0,2.0,1.0,0.4,0.6,1,0,4.76,excellent,51.0,lidor,40.64289,22.94234,1,1,0
panorama,Διαμέρισμα,1793.79,60,597.93,3.0,2.0,2.0,1.0,0.6666666666666666,0.6666666666666666,1,0,4.85,excellent,2.0,λουκια,40.6152,22.9568,1,0,0
panorama,Βίλα,2832.23,94,472.03833333333336,6.0,6.0,3.0,5.0,0.5,1.0,1,0,5.0,excellent,0.0,ανδρομαχη,40.63074,22.94522,0,1,0
panorama,Βίλα,2937.47,98,587.4939999999999,5.0,3.0,2.0,1.0,0.4,0.6,1,0,4.94,excellent,3.0,benjmin,40.61888,22.96019,1,1,0
panorama,Βίλα,2694.23,90,449.03833333333336,6.0,3.0,2.0,1.0,0.3333333333333333,0.5,1,0,0.0,average,0.0,bahar,40.635,22.9363,0,1,0
panorama,Διαμέρισμα,1028.01,34,257.0025,4.0,1.0,1.0,1.0,0.25,0.25,1,0,4.56,good,32.0,paolo,40.63522,22.96172,1,1,0
panorama,Βίλα,3352.29,112,670.458,5.0,3.0,2.0,1.0,0.4,0.6,1,0,4.75,excellent,24.0,g  g apartments,40.5998,22.963,1,1,0
panorama,Βίλα,2544.73,85,424.12166666666667,6.0,3.0,2.0,1.0,0.3333333333333333,0.5,1,0,5.0,excellent,0.0,flixbnb,40.6389,22.9419,0,1,0
panorama,Στούντιο,1641.3,55,1641.3,1.0,1.0,1.0,1.0,1.0,1.0,1,0,4.89,excellent,64.0,helena,40.583481,22.95984575,1,0,0
panorama,Διαμέρισμα,2439.35,81,813.1166666666667,3.0,2.0,1.0,1.0,0.3333333333333333,0.6666666666666666,1,0,4.97,excellent,322.0,reef home,40.6313,22.9429,1,0,0
panorama,Διαμέρισμα,1738.64,58,579.5466666666667,3.0,2.0,1.0,1.0,0.3333333333333333,0.6666666666666666,1,0,0.0,average,0.0,άγης,40.6152,22.9613,0,0,0
panorama,Διαμέρισμα,1889.97,63,377.994,5.0,1.0,1.0,1.0,0.2,0.2,1,0,0.0,average,0.0,elli,40.64953,22.93102,0,1,0
panorama,Διαμέρισμα,2447.12,82,489.424,5.0,2.0,2.0,1.0,0.4,0.4,1,0,4.86,excellent,264.0,georgios,40.6388,22.9413,1,1,0
panorama,Διαμέρισμα,,0,148.25,3.0,1.0,1.0,1.0,0.3333333333333333,0.3333333333333333,1,0,4.71,excellent,14.0,,40.64946,22.93312,1,0,0
panorama,Γκαρσονιέρα,1567.0,52,783.5,2.0,1.0,1.0,1.0,0.5,0.5,1,0,4.73,excellent,33.0,georgio,40.6342,22.942,1,0,0
panorama,Διαμέρισμα,1500.4,50,375.1,4.0,2.0,1.0,1.0,0.25,0.5,1,0,4.85,excellent,330.0,sakis  katerina,40.6287,22.9504,1,1,0
panorama,Διαμέρισμα,1355.39,45,338.8475,4.0,1.0,1.0,1.0,0.25,0.25,1,0,4.89,excellent,18.0,panos  maria,40.62935,22.96833,1,1,0
panorama,Βίλα,2179.09,73,544.7725,4.0,3.0,2.0,1.0,0.5,0.75,1,0,4.75,excellent,103.0,giorgos,40.58489,22.96593,1,1,0
panorama,Διαμέρισμα,1370.93,46,456.9766666666667,3.0,2.0,2.0,1.0,0.6666666666666666,0.6666666666666666,1,0,4.72,excellent,18.0,dimitris,40.6183,22.9554,1,0,0
panorama,Διαμέρισμα,1459.35,49,486.45,3.0,1.0,1.0,5.0,0.3333333333333333,0.3333333333333333,1,0,4.87,excellent,83.0,nana,40.61136,22.96299,1,0,0
panorama,Διαμέρισμα,1143.78,38,285.945,4.0,3.0,1.0,1.0,0.25,0.75,1,0,4.91,excellent,248.0,luciano  despina,40.6687,22.9151,1,1,0
panorama,Διαμέρισμα,2124.07,71,708.0233333333334,3.0,2.0,1.0,1.0,0.3333333333333333,0.6666666666666666,1,0,4.84,excellent,122.0,ελευθερία,40.584,22.9533,1,0,0
panorama,Διαμέρισμα,2745.33,92,915.11,3.0,1.0,1.0,1.0,0.3333333333333333,0.3333333333333333,1,0,4.74,excellent,27.0,dimitris,40.6016,22.9537,1,0,0
panorama,Διαμέρισμα,2850.92,95,712.73,4.0,2.0,2.0,1.0,0.5,0.5,1,0,4.77,excellent,137.0,angelos,40.6094,22.9536,1,1,0
panorama,Γκαρσονιέρα,1159.13,39,579.565,2.0,1.0,1.0,1.0,0.5,0.5,1,0,5.0,excellent,0.0,lefteris,40.636,22.9531,0,0,0
panorama,Στούντιο,1149.19,38,1149.19,1.0,2.0,1.0,1.0,1.0,2.0,1,0,4.61,good,41.0,ευαγγελια,40.60486,22.9641,1,0,0
panorama,Διαμέρισμα,1749.45,58,437.3625,4.0,2.0,1.0,1.0,0.25,0.5,1,0,4.88,excellent,133.0,cristina and tomas skgbnb,40.615,22.95646,1,1,0
panorama,Διαμέρισμα,2360.06,79,590.015,4.0,2.0,1.0,1.0,0.25,0.5,1,0,4.85,excellent,106.0,cristina and tomas skgbnb,40.61676,22.9568,1,1,0
panorama,Γκαρσονιέρα,,0,148.25,2.0,1.0,1.0,1.0,0.5,0.5,1,0,4.87,excellent,30.0,theologos,40.5842,22.96824,1,0,0
panorama,Διαμέρισμα,,0,148.25,4.0,2.0,1.0,1.0,0.25,0.5,1,0,4.53,good,141.0,filitsa,40.60826,22.96228,1,1,0
panorama,Βίλα,2403.83,80,480.76599999999996,5.0,3.0,2.0,1.0,0.4,0.6,1,0,4.94,excellent,32.0,shukri,40.59539,22.96608,1,1,0
panorama,Διαμέρισμα,2335.07,78,583.7675,4.0,2.0,2.0,1.0,0.5,0.5,1,0,4.98,excellent,80.0,στέλλα,40.6105,22.9562,1,1,0
panorama,Διαμέρισμα,2180.8,73,726.9333333333334,3.0,1.0,1.0,1.0,0.3333333333333333,0.3333333333333333,1,0,4.85,excellent,5.0,αναστάσιος,40.72,22.905,1,0,0
panorama,Διαμέρισμα,1955.92,65,488.98,4.0,2.0,1.0,1.0,0.25,0.5,1,0,4.96,excellent,72.0,martha,40.63,22.9506,1,1,0
panorama,Διαμέρισμα,1705.16,57,568.3866666666667,3.0,2.0,1.0,1.0,0.3333333333333333,0.6666666666666666,1,0,4.64,good,72.0,thess1home apartments,40.59953,22.95316,1,0,0
panorama,Διαμέρισμα,1978.71,66,494.6775,4.0,3.0,1.0,1.0,0.25,0.75,1,0,4.74,excellent,38.0,thess1home apartments,40.59874,22.95383,1,1,0
panorama,Διαμέρισμα,1600.9,53,266.81666666666666,6.0,5.0,1.0,1.0,0.16666666666666666,0.8333333333333334,1,0,4.85,excellent,37.0,ελισάβετ,40.637,22.9491,1,1,0
panorama,Διαμέρισμα,990.69,33,330.23,3.0,2.0,1.0,1.0,0.3333333333333333,0.6666666666666666,1,0,4.66,good,93.0,alex,40.6422,22.9469,1,0,0
panorama,Διαμέρισμα,,0,148.25,3.0,2.0,1.0,1.0,0.3333333333333333,0.6666666666666666,1,0,4.74,excellent,44.0,georgia,40.6128,22.9751,1,0,0
panorama,Διαμέρισμα,1252.76,42,417.58666666666664,3.0,2.0,1.0,1.0,0.3333333333333333,0.6666666666666666,1,0,4.74,excellent,79.0,georgia,40.6128,22.9751,1,0,0
panorama,Διαμέρισμα,1328.74,44,332.185,4.0,2.0,1.0,1.0,0.25,0.5,1,0,4.85,excellent,89.0,antonios,40.6102,22.9541,1,1,0
panorama,Γκαρσονιέρα,1520.53,51,760.265,2.0,1.0,1.0,1.0,0.5,0.5,1,0,4.82,excellent,242.0,paraskevi,40.6415,22.9363,1,0,0
panorama,Διαμέρισμα,1741.85,58,435.4625,4.0,2.0,1.0,1.0,0.25,0.5,1,0,4.75,excellent,71.0,maria,40.5985,22.9554,1,1,0
panorama,Βίλα,3794.31,126,542.0442857142857,7.0,5.0,3.0,1.0,0.42857142857142855,0.7142857142857143,1,0,4.98,excellent,90.0,λουκία,40.5791,23.0234,1,1,0
panorama,Διαμέρισμα,2172.43,72,724.1433333333333,3.0,1.0,1.0,1.0,0.3333333333333333,0.3333333333333333,1,0,4.65,good,31.0,dimitris,40.6105,22.955,1,0,0
panorama,Διαμέρισμα,1488.87,50,496.28999999999996,3.0,2.0,1.0,1.0,0.3333333333333333,0.6666666666666666,1,0,4.97,excellent,180.0,γιώργος,40.63675,22.95583,1,0,0
panorama,Διαμέρισμα,1785.79,60,357.158,5.0,3.0,1.0,1.0,0.2,0.6,1,0,4.85,excellent,21.0,betty aslanis,40.4734,23.0922,1,1,0
panorama,Γκαρσονιέρα,1615.1,54,807.55,2.0,2.0,1.0,1.0,0.5,1.0,1,0,4.79,excellent,90.0,rebeka,40.5813,22.94642,1,0,0
panorama,Γκαρσονιέρα,1217.39,41,608.695,2.0,1.0,1.0,1.0,0.5,0.5,1,0,4.81,excellent,131.0,natasa,40.62995,22.94831,1,0,0
panorama,Διαμέρισμα,1531.38,51,510.46000000000004,3.0,1.0,1.0,1.0,0.3333333333333333,0.3333333333333333,1,0,4.84,excellent,62.0,cristina and tomas skgbnb,40.63874,22.9382,1,0,0
panorama,Διαμέρισμα,1580.53,53,395.1325,4.0,1.0,1.0,1.0,0.25,0.25,1,0,4.84,excellent,182.0,ntemi and nick,40.63976,22.95393,1,1,0
panorama,Διαμέρισμα,1910.84,64,382.168,5.0,2.0,2.0,5.0,0.4,0.4,1,0,4.98,excellent,80.0,drosia,40.5847,22.9625,1,1,0
panorama,Γκαρσονιέρα,1092.88,36,546.44,2.0,1.0,1.0,1.0,0.5,0.5,1,0,4.61,good,76.0,natasa,40.63446,22.95063,1,0,0
panorama,Γκαρσονιέρα,1778.57,59,889.285,2.0,1.0,1.0,1.0,0.5,0.5,1,0,4.87,excellent,101.0,athanasios,40.63387,22.94761,1,0,0
panorama,Βίλα,,0,148.25,4.0,3.0,3.0,2.0,0.75,0.75,1,0,4.94,excellent,19.0,olivia,40.59683,22.95394,1,1,0
panorama,Διαμέρισμα,1346.59,45,336.6475,4.0,2.0,1.0,1.0,0.25,0.5,1,0,4.81,excellent,98.0,antonios,40.6107,22.9538,1,1,0
panorama,Γκαρσονιέρα,1287.47,43,643.735,2.0,1.0,1.0,1.0,0.5,0.5,1,0,4.91,excellent,147.0,giorgos,40.6069,22.9641,1,0,0
panorama,Γκαρσονιέρα,1422.46,47,711.23,2.0,1.0,1.0,1.0,0.5,0.5,1,0,4.85,excellent,145.0,raoulernesto,40.6119,22.9742,1,0,0
panorama,Γκαρσονιέρα,1262.28,42,631.14,2.0,1.0,1.0,1.0,0.5,0.5,1,0,4.47,good,171.0,the luxury suites,40.63792,22.93654,1,0,0
panorama,Διαμέρισμα,1637.08,55,545.6933333333333,3.0,1.0,1.0,1.0,0.3333333333333333,0.3333333333333333,1,0,4.71,excellent,78.0,apostolos,40.63474,22.94606,1,0,0
panorama,Διαμέρισμα,1519.26,51,379.815,4.0,2.0,1.0,1.0,0.25,0.5,1,0,4.87,excellent,92.0,nandia,40.591,23.0083,1,1,0
panorama,Βίλα,1800.86,60,300.1433333333333,6.0,3.0,2.0,1.0,0.3333333333333333,0.5,1,0,4.83,excellent,52.0,anastasios,40.64157,22.93698,1,1,0
panorama,Διαμέρισμα,1584.37,53,396.0925,4.0,2.0,1.0,1.0,0.25,0.5,1,0,4.61,good,152.0,dimitris,40.63865,22.9376,1,1,0
panorama,Γκαρσονιέρα,1314.53,44,657.265,2.0,1.0,1.0,1.0,0.5,0.5,1,0,4.89,excellent,103.0,cuckoobnb,40.60836,22.9785,1,0,0
panorama,Διαμέρισμα,1039.03,35,346.3433333333333,3.0,3.0,1.0,1.0,0.3333333333333333,1.0,1,0,4.86,excellent,221.0,yannis,40.6394,22.9378,1,0,0
panorama,Βίλα,2301.85,77,383.64166666666665,6.0,3.0,2.0,1.0,0.3333333333333333,0.5,1,0,4.57,good,87.0,anastasia,40.6309,22.9478,1,1,0
panorama,Διαμέρισμα,1403.18,47,280.636,5.0,2.0,1.0,1.0,0.2,0.4,1,0,4.85,excellent,70.0,ioannis,40.616,22.9786,1,1,0
panorama,Γκαρσονιέρα,1296.57,43,648.285,2.0,1.0,1.0,1.0,0.5,0.5,1,0,4.96,excellent,38.0,stella,40.4992,22.8755,1,0,0
panorama,Βίλα,2907.67,97,581.534,5.0,3.0,3.0,5.0,0.6,0.6,1,0,4.85,excellent,49.0,cristina and tomas skgbnb,40.63127,22.96244,1,1,0
panorama,Διαμέρισμα,3020.3,101,755.075,4.0,2.0,2.0,1.0,0.5,0.5,1,0,4.78,excellent,23.0,dimitra,40.5863,22.9657,1,1,0
panorama,Γκαρσονιέρα,1422.46,47,711.23,2.0,1.0,1.0,5.0,0.5,0.5,1,0,4.66,good,119.0,raoulernesto,40.6125,22.9728,1,0,0
panorama,Γκαρσονιέρα,2700.95,90,1350.475,2.0,1.0,1.0,5.0,0.5,0.5,1,0,4.85,excellent,4.0,marina,40.58298,23.03069,1,0,0
panorama,Γκαρσονιέρα,2348.7,78,1174.35,2.0,2.0,1.0,1.0,0.5,1.0,1,0,4.82,excellent,49.0,konstantinos,40.6009,22.9504,1,0,0
panorama,Διαμέρισμα,1255.61,42,313.9025,4.0,2.0,1.0,1.0,0.25,0.5,1,0,4.78,excellent,18.0,αναστάσης,40.63491,22.95273,1,1,0
panorama,Διαμέρισμα,914.84,30,304.94666666666666,3.0,2.0,2.0,1.0,0.6666666666666666,0.6666666666666666,1,0,4.75,excellent,49.0,cristina and tomas skgbnb,40.64763,22.94309,1,0,0
panorama,Διαμέρισμα,1500.07,50,375.0175,4.0,2.0,1.0,1.0,0.25,0.5,1,0,4.33,good,134.0,the luxury suites,40.63846,22.94065,1,1,0
panorama,Γκαρσονιέρα,1111.59,37,555.795,2.0,1.0,1.0,5.0,0.5,0.5,1,0,4.79,excellent,52.0,natasa,40.63448,22.9384,1,0,0
panorama,Διαμέρισμα,1464.85,49,366.2125,4.0,2.0,1.0,1.0,0.25,0.5,1,0,4.57,good,128.0,the luxury suites,40.63905,22.93589,1,1,0
panorama,Γκαρσονιέρα,1470.28,49,735.14,2.0,1.0,1.0,1.0,0.5,0.5,1,0,4.92,excellent,12.0,olga,40.64067,22.95544,1,0,0
panorama,Γκαρσονιέρα,1320.61,44,660.305,2.0,2.0,1.0,1.0,0.5,1.0,1,0,4.55,good,11.0,maria,40.64119,22.94792,1,0,0
panorama,Διαμέρισμα,1255.31,42,313.8275,4.0,2.0,1.0,1.0,0.25,0.5,1,0,4.68,good,53.0,panos,40.63784,22.93627,1,1,0
panorama,Βίλα,1842.12,61,307.02,6.0,3.0,2.0,1.0,0.3333333333333333,0.5,1,0,4.75,excellent,208.0,dimitrios  fani,40.6068,22.9522,1,1,0
panorama,Διαμέρισμα,1200.6,40,400.2,3.0,2.0,1.0,1.0,0.3333333333333333,0.6666666666666666,1,0,4.88,excellent,68.0,panos,40.6395,22.93875,1,0,0
panorama,Διαμέρισμα,1145.26,38,381.75333333333333,3.0,1.0,1.0,1.0,0.3333333333333333,0.3333333333333333,1,0,4.83,excellent,40.0,georgios,40.64108,22.94997,1,0,0
panorama,Γκαρσονιέρα,1386.43,46,693.215,2.0,1.0,1.0,1.0,0.5,0.5,1,0,4.87,excellent,45.0,cristina and tomas skgbnb,40.64198,22.94183,1,0,0
panorama,Γκαρσονιέρα,1651.11,55,825.555,2.0,1.0,1.0,1.0,0.5,0.5,1,0,4.85,excellent,187.0,katerina,40.64211,22.93686,1,0,0
panorama,Γκαρσονιέρα,1193.23,40,596.615,2.0,1.0,1.0,1.0,0.5,0.5,1,0,4.61,good,54.0,maria,40.63921,22.94975,1,0,0
panorama,Διαμέρισμα,2524.14,84,841.38,3.0,1.0,1.0,1.0,0.3333333333333333,0.3333333333333333,1,0,4.85,excellent,68.0,ελευθερία,40.584,22.9533,1,0,0
panorama,Διαμέρισμα,1435.27,48,358.8175,4.0,2.0,1.0,1.0,0.25,0.5,1,0,4.52,good,69.0,the luxury suites,40.63841,22.93789,1,1,0
panorama,Διαμέρισμα,1335.66,45,445.22,3.0,2.0,1.0,1.0,0.3333333333333333,0.6666666666666666,1,0,4.56,good,112.0,the luxury suites,40.63763,22.93816,1,0,0
panorama,Βίλα,1363.72,45,340.93,4.0,3.0,2.0,1.0,0.5,0.75,1,0,4.31,good,16.0,βενέρα,40.66373,22.91066,1,1,0
panorama,Γκαρσονιέρα,1093.47,36,546.735,2.0,2.0,1.0,1.0,0.5,1.0,1,0,4.64,good,11.0,ioannis,40.6342,22.9459,1,0,0
panorama,Γκαρσονιέρα,1783.73,59,891.865,2.0,2.0,1.0,5.0,0.5,1.0,1,0,4.95,excellent,20.0,ολγα,40.7273,22.9263,1,0,0
panorama,Διαμέρισμα,1399.69,47,279.938,5.0,2.0,1.0,5.0,0.2,0.4,1,0,4.81,excellent,32.0,petros,40.6009,22.9945,1,1,0
panorama,Διαμέρισμα,1721.84,57,430.46,4.0,2.0,1.0,1.0,0.25,0.5,1,0,4.77,excellent,138.0,my street,40.63791,22.938,1,1,0
panorama,Διαμέρισμα,2056.9,69,514.225,4.0,2.0,1.0,1.0,0.25,0.5,1,0,4.84,excellent,128.0,my street,40.63996,22.93889,1,1,0
panorama,Γκαρσονιέρα,1227.74,41,613.87,2.0,1.0,1.0,1.0,0.5,0.5,1,0,4.88,excellent,48.0,helias,40.60931,22.97739,1,0,0
panorama,Γκαρσονιέρα,1114.99,37,557.495,2.0,1.0,1.0,1.0,0.5,0.5,1,0,4.53,good,34.0,helias,40.60733,22.97697,1,0,0
panorama,Διαμέρισμα,3008.51,100,601.702,5.0,2.0,2.0,1.0,0.4,0.4,1,0,4.97,excellent,34.0,matsoukakos,40.59841,22.95365,1,1,0
panorama,Διαμέρισμα,1487.42,50,495.8066666666667,3.0,2.0,1.0,1.0,0.3333333333333333,0.6666666666666666,1,0,4.85,excellent,20.0,δέσποινα,40.6466,22.9255,1,0,0
panorama,Διαμέρισμα,1784.29,59,446.0725,4.0,2.0,1.0,1.0,0.25,0.5,1,0,4.92,excellent,51.0,παναγιωτης,40.603,22.9689,1,1,0
panorama,Διαμέρισμα,2680.8,89,536.1600000000001,5.0,3.0,1.0,1.0,0.2,0.6,1,0,4.97,excellent,118.0,matoula,40.5888,22.9607,1,1,0
panorama,Γκαρσονιέρα,2301.86,77,1150.93,2.0,2.0,1.0,1.0,0.5,1.0,1,0,4.95,excellent,19.0,sofia,40.5734,22.9555,1,0,0
panorama,Διαμέρισμα,1333.56,44,333.39,4.0,1.0,1.0,1.0,0.25,0.25,1,0,4.55,good,22.0,maria,40.6398,23.0303,1,1,0
panorama,Βίλα,2932.82,98,488.80333333333334,6.0,4.0,2.0,1.0,0.3333333333333333,0.6666666666666666,1,0,4.85,excellent,11.0,vasilis,40.6232,22.9743,1,1,0
panorama,Διαμέρισμα,2080.43,69,520.1075,4.0,3.0,1.0,1.0,0.25,0.75,1,0,4.87,excellent,90.0,georgios,40.6836,22.9486,1,1,0
panorama,Γκαρσονιέρα,1541.0,51,770.5,2.0,1.0,1.0,1.0,0.5,0.5,1,0,4.93,excellent,81.0,dimitris,40.6755,22.8994,1,0,0
panorama,Διαμέρισμα,2544.98,85,636.245,4.0,2.0,1.0,1.0,0.25,0.5,1,0,4.82,excellent,12.0,marija,40.5064,22.9162,1,1,0
panorama,Διαμέρισμα,2124.89,71,531.2225,4.0,2.0,1.0,1.0,0.25,0.5,1,0,4.74,excellent,117.0,mariana,40.63567,22.95231,1,1,0
panorama,Γκαρσονιέρα,1321.4,44,660.7,2.0,1.0,1.0,1.0,0.5,0.5,1,0,4.92,excellent,39.0,βαία,40.6347,22.9536,1,0,0
panorama,Διαμέρισμα,1777.56,59,592.52,3.0,3.0,1.0,1.0,0.3333333333333333,1.0,1,0,4.89,excellent,66.0,βασιλειος,40.58711,22.9699,1,0,0
panorama,Γκαρσονιέρα,1317.11,44,658.555,2.0,1.0,1.0,1.0,0.5,0.5,1,0,4.36,good,28.0,κωνσταντίνος,40.5875,22.9571,1,0,0
panorama,Γκαρσονιέρα,1346.78,45,673.39,2.0,1.0,1.0,1.0,0.5,0.5,1,0,4.51,good,70.0,the luxury suites,40.63784,22.93767,1,0,0
panorama,Βίλα,1798.25,60,359.65,5.0,3.0,2.0,1.0,0.4,0.6,1,0,4.92,excellent,37.0,effie,40.6523,22.9546,1,1,0
panorama,Διαμέρισμα,1391.64,46,463.88000000000005,3.0,2.0,1.0,1.0,0.3333333333333333,0.6666666666666666,1,0,4.66,good,47.0,the luxury suites,40.64205,22.93653,1,0,0
panorama,Διαμέρισμα,1305.38,44,435.1266666666667,3.0,2.0,1.0,1.0,0.3333333333333333,0.6666666666666666,1,0,4.66,good,90.0,the luxury suites,40.64084,22.93632,1,0,0
panorama,Διαμέρισμα,1463.81,49,365.9525,4.0,2.0,1.0,1.0,0.25,0.5,1,0,4.64,good,113.0,the luxury suites,40.63766,22.93743,1,1,0
panorama,Διαμέρισμα,1297.38,43,432.46000000000004,3.0,2.0,1.0,1.0,0.3333333333333333,0.6666666666666666,1,0,4.93,excellent,30.0,natasa,40.6345,22.9489,1,0,0
panorama,Διαμέρισμα,1511.17,50,377.7925,4.0,2.0,1.0,1.0,0.25,0.5,1,0,4.69,good,4.0,ilias,40.6473,22.9349,1,1,0
panorama,Διαμέρισμα,1836.68,61,459.17,4.0,2.0,1.0,1.0,0.25,0.5,1,0,4.85,excellent,13.0,cristina and tomas skgbnb,40.61932,22.95841,1,1,0
panorama,Διαμέρισμα,1477.59,49,369.3975,4.0,2.0,1.0,1.0,0.25,0.5,1,0,4.79,excellent,57.0,maria,40.6396,22.9387,1,1,0
panorama,Διαμέρισμα,1448.84,48,362.21,4.0,1.0,1.0,1.0,0.25,0.25,1,0,4.84,excellent,62.0,ioannis,40.61886,22.9599,1,1,0
panorama,Διαμέρισμα,1648.36,55,549.4533333333333,3.0,2.0,1.0,1.0,0.3333333333333333,0.6666666666666666,1,0,4.87,excellent,38.0,aimilios,40.58279,22.9658,1,0,0
panorama,Διαμέρισμα,2022.5,67,674.1666666666666,3.0,1.0,1.0,1.0,0.3333333333333333,0.3333333333333333,1,0,4.98,excellent,15.0,ηλίας,40.61517,22.96919,1,0,0
panorama,Διαμέρισμα,861.69,29,287.23,3.0,2.0,1.0,1.0,0.3333333333333333,0.6666666666666666,1,0,4.75,excellent,8.0,θεοχαρης,40.66167,22.95243,1,0,0
panorama,Γκαρσονιέρα,804.24,27,402.12,2.0,1.0,1.0,1.0,0.5,0.5,1,0,4.64,good,11.0,blackdotrooms,40.641,22.9374,1,0,0
panorama,Διαμέρισμα,3288.73,110,822.1825,4.0,2.0,2.0,1.0,0.5,0.5,1,0,4.95,excellent,79.0,vassilis,40.5994,22.9757,1,1,0
panorama,Βίλα,,0,148.25,6.0,5.0,2.0,5.0,0.3333333333333333,0.8333333333333334,1,0,4.83,excellent,6.0,sophie,40.4896,22.9518,1,1,0
panorama,Διαμέρισμα,1698.25,57,566.0833333333334,3.0,1.0,2.0,1.0,0.6666666666666666,0.3333333333333333,1,0,4.81,excellent,86.0,φιλιππια,40.60216,22.95554,1,0,0
panorama,Γκαρσονιέρα,1008.87,34,504.435,2.0,1.0,1.0,1.0,0.5,0.5,1,0,4.73,excellent,11.0,ana,40.6425,22.9461,1,0,0
panorama,Διαμέρισμα,2562.08,85,640.52,4.0,2.0,1.0,1.0,0.25,0.5,1,0,4.84,excellent,151.0,ioanna apartments,40.6187,22.9614,1,1,0
panorama,Διαμέρισμα,2400.89,80,600.2225,4.0,2.0,1.0,1.0,0.25,0.5,1,0,4.81,excellent,135.0,ioanna apartments,40.6187,22.9614,1,1,0
panorama,Γκαρσονιέρα,1338.43,45,669.215,2.0,1.0,1.0,1.0,0.5,0.5,1,0,4.71,excellent,101.0,the luxury suites,40.64196,22.93241,1,0,0
panorama,Γκαρσονιέρα,1338.43,45,669.215,2.0,1.0,1.0,1.0,0.5,0.5,1,0,4.83,excellent,98.0,the luxury suites,40.64129,22.93261,1,0,0
panorama,Γκαρσονιέρα,1338.43,45,669.215,2.0,1.0,1.0,1.0,0.5,0.5,1,0,4.71,excellent,78.0,the luxury suites,40.64064,22.93317,1,0,0
panorama,Διαμέρισμα,1778.32,59,444.58,4.0,1.0,1.0,1.0,0.25,0.25,1,0,4.54,good,104.0,desen hospitality,40.63492,22.93985,1,1,0
panorama,Γκαρσονιέρα,1254.71,42,627.355,2.0,1.0,1.0,1.0,0.5,0.5,1,0,4.69,good,10.0,ilias,40.6422,22.9302,1,0,0
panorama,Διαμέρισμα,1898.28,63,474.57,4.0,1.0,1.0,1.0,0.25,0.25,1,0,4.85,excellent,6.0,vasiliki,40.6421,22.9609,1,1,0
panorama,Διαμέρισμα,3429.63,114,857.4075,4.0,2.0,2.0,1.0,0.5,0.5,1,0,4.88,excellent,8.0,olga,40.49118,23.02299,1,1,0
panorama,Διαμέρισμα,1839.13,61,459.7825,4.0,2.0,1.0,1.0,0.25,0.5,1,0,4.85,excellent,41.0,dimitris,40.6068,22.9579,1,1,0
panorama,Γκαρσονιέρα,,0,148.25,2.0,1.0,1.0,1.0,0.5,0.5,1,0,4.93,excellent,168.0,despoina,40.6415,22.9361,1,0,0
panorama,Διαμέρισμα,1541.55,51,385.3875,4.0,1.0,1.0,1.0,0.25,0.25,1,0,5.0,excellent,0.0,ελενη,40.6382,22.9446,0,1,0
panorama,Γκαρσονιέρα,926.55,31,463.275,2.0,1.0,1.0,1.0,0.5,0.5,1,0,4.85,excellent,29.0,σεβη,40.6535,22.9535,1,0,0
panorama,Διαμέρισμα,1729.1,58,432.275,4.0,2.0,1.0,1.0,0.25,0.5,1,0,4.53,good,30.0,the luxury suites,40.63914,22.93775,1,1,0
panorama,Διαμέρισμα,1660.06,55,553.3533333333334,3.0,2.0,1.0,1.0,0.3333333333333333,0.6666666666666666,1,0,4.85,excellent,5.0,ioanna,40.62988,22.96578,1,0,0
panorama,Γκαρσονιέρα,2103.2,70,1051.6,2.0,1.0,1.0,1.0,0.5,0.5,1,0,4.76,excellent,136.0,mario,40.63287,22.94813,1,0,0
panorama,Διαμέρισμα,1013.96,34,337.9866666666667,3.0,2.0,1.0,1.0,0.3333333333333333,0.6666666666666666,1,0,4.67,good,6.0,theodoros,40.6185,22.9595,1,0,0
kalamaria,Διαμέρισμα,380.0,76,95.0,4.0,2.0,3.0,1.0,0.75,0.5,1,0,4.91,excellent,265.0,γιάννης,40.5847,22.9547,1,1,0
kalamaria,Διαμέρισμα,392.0,79,78.4,5.0,2.0,2.0,1.0,0.4,0.4,1,0,4.98,excellent,176.0,stavros,40.57954,22.94674,1,1,0
kalamaria,Διαμέρισμα,368.0,74,122.66666666666667,3.0,1.0,1.0,1.0,0.3333333333333333,0.3333333333333333,1,0,4.89,excellent,66.0,βασιλειος,40.58711,22.9699,1,0,0
kalamaria,Διαμέρισμα,490.0,98,163.33333333333334,3.0,1.0,2.0,1.0,0.6666666666666666,0.3333333333333333,1,0,4.91,excellent,56.0,παντελεημων,40.5813,22.9512,1,0,0
kalamaria,Γκαρσονιέρα,324.0,65,162.0,2.0,1.0,1.0,1.0,0.5,0.5,1,0,4.96,excellent,23.0,roula,40.57795,22.95312,1,0,0
kalamaria,Γκαρσονιέρα,453.0,91,226.5,2.0,1.0,1.0,1.0,0.5,0.5,1,0,4.88,excellent,85.0,ελευθερία,40.5843,22.9533,1,0,0
kalamaria,Γκαρσονιέρα,290.0,58,145.0,2.0,1.0,1.0,1.0,0.5,0.5,1,0,4.62,good,77.0,βασίλης μπουλακης,40.59001,22.96456,1,0,0
kalamaria,Διαμέρισμα,521.0,105,173.66666666666666,3.0,1.0,1.0,1.0,0.3333333333333333,0.3333333333333333,1,0,5.0,excellent,18.0,vasileios,40.583,22.951,1,0,0
kalamaria,Διαμέρισμα,372.0,75,93.0,4.0,1.0,1.0,1.0,0.25,0.25,1,0,4.93,excellent,61.0,dimitris,40.5847,22.9476,1,1,0
kalamaria,Διαμέρισμα,469.0,94,117.25,4.0,1.0,2.0,1.0,0.5,0.25,1,0,4.93,excellent,15.0,panagiota,40.58360189,22.95355441,1,1,0
kalamaria,Διαμέρισμα,294.0,59,73.5,4.0,1.0,1.0,1.0,0.25,0.25,1,0,4.69,good,58.0,αφροδίτη,40.5837,22.9514,1,1,0
kalamaria,Διαμέρισμα,459.0,92,153.0,3.0,1.0,1.0,1.0,0.3333333333333333,0.3333333333333333,1,0,4.85,excellent,20.0,αναστασία,40.5675,22.9611,1,0,0
kalamaria,Διαμέρισμα,569.0,114,142.25,4.0,1.0,1.0,1.0,0.25,0.25,1,0,4.96,excellent,91.0,matoula,40.5787,22.9454,1,1,0
kalamaria,Γκαρσονιέρα,402.0,81,201.0,2.0,1.0,1.0,1.0,0.5,0.5,1,0,4.9,excellent,30.0,proliving hospitality,40.59528,22.95653,1,0,0
kalamaria,Διαμέρισμα,546.0,110,136.5,4.0,2.0,1.0,1.0,0.25,0.5,1,0,5.0,excellent,16.0,παναγιωτά,40.5867,22.9546,1,1,0
kalamaria,Διαμέρισμα,442.0,89,13.8125,32.0,1.0,1.0,1.0,0.03125,0.03125,1,0,5.0,excellent,5.0,dimitris,40.57771125,22.95203892,1,1,0
kalamaria,Γκαρσονιέρα,404.0,81,202.0,2.0,1.0,1.0,1.0,0.5,0.5,1,0,4.77,excellent,138.0,stathis,40.5835,22.9575,1,0,0
kalamaria,Διαμέρισμα,388.0,78,129.33333333333334,3.0,1.0,2.0,1.0,0.6666666666666666,0.3333333333333333,1,0,4.89,excellent,66.0,dimitrios,40.59126,22.96709,1,0,0
kalamaria,Διαμέρισμα,302.0,61,100.66666666666667,3.0,1.0,1.0,1.0,0.3333333333333333,0.3333333333333333,1,0,5.0,excellent,1.0,alex and theodora,40.5879,22.9567,1,0,0
kalamaria,Διαμέρισμα,312.0,63,104.0,3.0,1.0,2.0,1.0,0.6666666666666666,0.3333333333333333,1,0,4.84,excellent,135.0,john,40.59188,22.96074,1,0,0
kalamaria,Διαμέρισμα,564.0,113,94.0,6.0,2.0,5.0,1.0,0.8333333333333334,0.3333333333333333,1,0,4.89,excellent,62.0,alexandros,40.5759,22.9494,1,1,0
kalamaria,Διαμέρισμα,325.0,65,81.25,4.0,1.0,1.0,1.0,0.25,0.25,1,0,4.96,excellent,49.0,orfeas,40.5672,22.9636,1,1,0
kalamaria,Διαμέρισμα,451.0,91,112.75,4.0,1.0,1.0,1.0,0.25,0.25,1,0,4.97,excellent,35.0,σωτηρία,40.5856,22.9513,1,1,0
kalamaria,Γκαρσονιέρα,324.0,65,162.0,2.0,1.0,1.0,1.0,0.5,0.5,1,0,4.86,excellent,37.0,κυριάκος,40.58971,22.96303,1,0,0
kalamaria,Γκαρσονιέρα,432.0,87,216.0,2.0,1.0,1.0,1.0,0.5,0.5,1,0,4.68,good,2.0,svetlana,40.58153,22.94623,1,0,0
kalamaria,Γκαρσονιέρα,414.0,83,207.0,2.0,1.0,1.0,1.0,0.5,0.5,1,0,5.0,excellent,7.0,proliving hospitality,40.59569,22.95543,1,0,0
kalamaria,Διαμέρισμα,509.0,102,101.8,5.0,1.0,3.0,1.0,0.6,0.2,1,0,4.92,excellent,60.0,thess1home apartments,40.5828,22.9474,1,1,0
kalamaria,Διαμέρισμα,529.0,106,105.8,5.0,2.0,2.0,1.0,0.4,0.4,1,0,4.9,excellent,10.0,μαρια,40.58182,22.95557,1,1,0
kalamaria,Διαμέρισμα,361.0,73,60.166666666666664,6.0,2.0,2.0,1.0,0.3333333333333333,0.3333333333333333,1,0,4.86,excellent,70.0,ioanna,40.56893,22.96022,1,1,0
kalamaria,Γκαρσονιέρα,457.0,92,228.5,2.0,1.0,1.0,1.0,0.5,0.5,1,0,4.85,excellent,0.0,magda,40.56981056,22.96936907,0,0,0
kalamaria,Στούντιο,349.0,70,349.0,1.0,1.0,1.0,1.0,1.0,1.0,1,0,5.0,excellent,1.0,νίνα,40.5889,22.948,1,0,0
kalamaria,Διαμέρισμα,541.0,109,108.2,5.0,2.0,2.0,1.0,0.4,0.4,1,0,4.98,excellent,80.0,drosia,40.5847,22.9625,1,1,0
kalamaria,Διαμέρισμα,434.0,87,108.5,4.0,1.0,2.0,1.0,0.5,0.25,1,0,4.85,excellent,84.0,olga,40.5976,22.9562,1,1,0
kalamaria,Διαμέρισμα,429.0,86,107.25,4.0,1.0,1.0,1.0,0.25,0.25,1,0,4.9,excellent,133.0,χρήστος,40.57644,22.94653,1,1,0
kalamaria,Διαμέρισμα,408.0,82,102.0,4.0,2.0,3.0,1.0,0.75,0.5,1,0,4.84,excellent,148.0,βαγγελης,40.59114,22.95479,1,1,0
kalamaria,Γκαρσονιέρα,352.0,71,176.0,2.0,1.0,1.0,1.0,0.5,0.5,1,0,4.93,excellent,68.0,nikolaos,40.60379044,22.96198642,1,0,0
kalamaria,Διαμέρισμα,594.0,119,148.5,4.0,2.0,2.0,1.0,0.5,0.5,1,0,4.9,excellent,63.0,theofanis,40.58873,22.94847,1,1,0
kalamaria,Διαμέρισμα,558.0,112,111.6,5.0,2.0,3.0,1.0,0.6,0.4,1,0,4.88,excellent,34.0,maria,40.5805,22.9489,1,1,0
kalamaria,Διαμέρισμα,400.0,80,133.33333333333334,3.0,1.0,1.0,1.0,0.3333333333333333,0.3333333333333333,1,0,4.92,excellent,13.0,σκαρλατος,40.5754,22.9503,1,0,0
kalamaria,Διαμέρισμα,432.0,87,108.0,4.0,1.0,1.0,1.0,0.25,0.25,1,0,4.76,excellent,101.0,alba katerina,40.577,22.9533,1,1,0
kalamaria,Γκαρσονιέρα,335.0,67,167.5,2.0,1.0,2.0,1.0,1.0,0.5,1,0,4.87,excellent,15.0,angeliki,40.58602,22.96504,1,0,0
kalamaria,Διαμέρισμα,281.0,57,70.25,4.0,1.0,1.0,1.0,0.25,0.25,1,0,4.97,excellent,62.0,christina,40.57243,22.9537,1,1,0
kalamaria,Γκαρσονιέρα,466.0,94,233.0,2.0,1.0,1.0,1.0,0.5,0.5,1,0,5.0,excellent,33.0,proliving hospitality,40.5955,22.95651,1,0,0
kalamaria,Γκαρσονιέρα,523.0,105,261.5,2.0,1.0,1.0,1.0,0.5,0.5,1,0,4.61,good,38.0,mario,40.6282,22.9523,1,0,0
kalamaria,Διαμέρισμα,676.0,136,84.5,8.0,2.0,3.0,1.0,0.375,0.25,1,0,4.87,excellent,158.0,eugenia  giota,40.57341,22.96052,1,1,0
kalamaria,Διαμέρισμα,718.0,144,22.4375,32.0,2.0,4.0,1.0,0.125,0.0625,1,0,4.93,excellent,91.0,αναστασία,40.5898,22.9461,1,1,0
kalamaria,Γκαρσονιέρα,337.0,68,168.5,2.0,1.0,1.0,1.0,0.5,0.5,1,0,4.89,excellent,74.0,laonikos apartments your host zeta,40.6002,22.9534,1,0,0
kalamaria,Διαμέρισμα,465.0,93,155.0,3.0,1.0,1.0,1.0,0.3333333333333333,0.3333333333333333,1,0,4.84,excellent,122.0,ελευθερία,40.584,22.9533,1,0,0
kalamaria,Γκαρσονιέρα,475.0,95,237.5,2.0,1.0,1.0,1.0,0.5,0.5,1,0,4.9,excellent,30.0,proliving hospitality,40.594,22.956,1,0,0
kalamaria,Διαμέρισμα,420.0,84,105.0,4.0,1.0,1.0,1.0,0.25,0.25,1,0,4.93,excellent,14.0,αγάπη,40.5862,22.9563,1,1,0
kalamaria,Διαμέρισμα,512.0,103,128.0,4.0,1.0,1.0,1.0,0.25,0.25,1,0,5.0,excellent,5.0,ζωή,40.5835,22.9659,1,1,0
kalamaria,Διαμέρισμα,371.0,75,123.66666666666667,3.0,1.0,2.0,1.0,0.6666666666666666,0.3333333333333333,1,0,4.89,excellent,53.0,georgios,40.5943,22.9511,1,0,0
kalamaria,Γκαρσονιέρα,328.0,66,164.0,2.0,2.0,2.0,1.0,1.0,1.0,1,0,4.79,excellent,90.0,rebeka,40.5813,22.94642,1,0,0
kalamaria,Διαμέρισμα,413.0,83,137.66666666666666,3.0,1.0,1.0,1.0,0.3333333333333333,0.3333333333333333,1,0,4.67,good,9.0,angels brand new studio,40.5886,22.9634,1,0,0
kalamaria,Γκαρσονιέρα,353.0,71,176.5,2.0,1.0,1.0,1.0,0.5,0.5,1,0,5.0,excellent,10.0,κώστας,40.59620536,22.96445134,1,0,0
kalamaria,Διαμέρισμα,535.0,107,89.16666666666667,6.0,2.0,1.0,1.0,0.16666666666666666,0.3333333333333333,1,0,4.93,excellent,105.0,eva,40.57771,22.9471,1,1,0
kalamaria,Διαμέρισμα,478.0,96,119.5,4.0,2.0,3.0,1.0,0.75,0.5,1,0,4.79,excellent,14.0,kaliopis family house,40.58314,22.95701,1,1,0
kalamaria,Διαμέρισμα,889.0,178,222.25,4.0,1.0,1.0,1.0,0.25,0.25,1,0,5.0,excellent,17.0,pavlos,40.6412,22.9565,1,1,0
kalamaria,Διαμέρισμα,494.0,99,82.33333333333333,6.0,2.0,1.0,1.0,0.16666666666666666,0.3333333333333333,1,0,4.94,excellent,18.0,κωνσταντίνος,40.5749,22.9525,1,1,0
kalamaria,Διαμέρισμα,441.0,89,147.0,3.0,1.0,1.0,1.0,0.3333333333333333,0.3333333333333333,1,0,4.92,excellent,49.0,erasmia,40.58277,22.94945,1,0,0
kalamaria,Διαμέρισμα,482.0,97,120.5,4.0,1.0,2.0,1.0,0.5,0.25,1,0,4.93,excellent,75.0,παρασκευή,40.58933,22.95091,1,1,0
kalamaria,Διαμέρισμα,365.0,73,73.0,5.0,2.0,2.0,1.0,0.4,0.4,1,0,4.85,excellent,34.0,dimitris,40.5775,22.9524,1,1,0
kalamaria,Βίλα,1335.0,267,222.5,6.0,3.0,3.0,1.0,0.5,0.5,1,0,5.0,excellent,14.0,binobi,40.575,22.9485,1,1,0
kalamaria,Γκαρσονιέρα,434.0,87,217.0,2.0,1.0,1.0,1.0,0.5,0.5,1,0,4.81,excellent,16.0,proliving hospitality,40.59538,22.9562,1,0,0
kalamaria,Διαμέρισμα,516.0,104,172.0,3.0,1.0,1.0,1.0,0.3333333333333333,0.3333333333333333,1,0,4.85,excellent,68.0,ελευθερία,40.584,22.9533,1,0,0
kalamaria,Διαμέρισμα,538.0,108,134.5,4.0,2.0,2.0,1.0,0.5,0.5,1,0,5.0,excellent,7.0,proliving hospitality,40.59376,22.95686,1,1,0
kalamaria,Διαμέρισμα,492.0,99,164.0,3.0,1.0,1.0,1.0,0.3333333333333333,0.3333333333333333,1,0,4.98,excellent,40.0,stella,40.57325,22.94953,1,0,0
kalamaria,Διαμέρισμα,515.0,103,128.75,4.0,2.0,2.0,1.0,0.5,0.5,1,0,5.0,excellent,13.0,anna,40.5821,22.9517,1,1,0
kalamaria,Βίλα,664.0,133,132.8,5.0,3.0,3.0,2.0,0.6,0.6,1,0,5.0,excellent,30.0,patroklos,40.57469,22.96693,1,1,0
kalamaria,Διαμέρισμα,522.0,105,174.0,3.0,2.0,3.0,1.0,1.0,0.6666666666666666,1,0,5.0,excellent,53.0,patroklos,40.5781,22.95186,1,0,0
kalamaria,Γκαρσονιέρα,473.0,95,236.5,2.0,1.0,1.0,1.0,0.5,0.5,1,0,4.85,excellent,20.0,proliving hospitality,40.59501,22.95488,1,0,0
kalamaria,Διαμέρισμα,406.0,82,135.33333333333334,3.0,1.0,2.0,1.0,0.6666666666666666,0.3333333333333333,1,0,4.91,excellent,34.0,dimitrios,40.59143,22.96748,1,0,0
kalamaria,Διαμέρισμα,446.0,90,111.5,4.0,1.0,2.0,1.0,0.5,0.25,1,0,4.94,excellent,86.0,innovation,40.60491,22.95141,1,1,0
kalamaria,Στούντιο,256.0,52,256.0,1.0,1.0,1.0,1.0,1.0,1.0,1,0,4.89,excellent,1.0,helena,40.583481,22.95984575,1,0,0
kalamaria,Διαμέρισμα,599.0,120,99.83333333333333,6.0,2.0,1.0,1.0,0.16666666666666666,0.3333333333333333,1,0,4.73,excellent,11.0,alexandros,40.5794,22.949,1,1,0
kalamaria,Διαμέρισμα,290.0,58,72.5,4.0,1.0,1.0,2.0,0.25,0.25,1,0,4.64,good,14.0,ειρήνη,40.61452,22.95951,1,1,0
kalamaria,Διαμέρισμα,427.0,86,106.75,4.0,1.0,2.0,1.0,0.5,0.25,1,0,4.98,excellent,144.0,robertjan,40.50243,22.90048,1,1,0
kalamaria,Διαμέρισμα,622.0,125,124.4,5.0,2.0,3.0,1.0,0.6,0.4,1,0,5.0,excellent,35.0,polyxeni,40.57155,22.95939,1,1,0
kalamaria,Διαμέρισμα,435.0,87,108.75,4.0,1.0,2.0,1.0,0.5,0.25,1,0,4.94,excellent,17.0,zana,40.58700301,22.96270383,1,1,0
kalamaria,Διαμέρισμα,349.0,70,116.33333333333333,3.0,1.0,1.0,1.0,0.3333333333333333,0.3333333333333333,1,0,4.87,excellent,179.0,welcome home suites,40.61944,22.9573,1,0,0
kalamaria,Διαμέρισμα,688.0,138,114.66666666666667,6.0,2.0,3.0,1.0,0.5,0.3333333333333333,1,0,5.0,excellent,8.0,εva,40.5762,22.9531,1,1,0
kalamaria,Διαμέρισμα,593.0,119,148.25,4.0,1.0,1.0,1.0,0.25,0.25,1,0,5.0,excellent,56.0,katerina,40.57608,22.96408,1,1,0
kalamaria,Διαμέρισμα,1013.0,203,253.25,4.0,1.0,2.0,1.0,0.5,0.25,1,0,4.67,good,36.0,dimitris,40.5839,22.9536,1,1,0
kalamaria,Γκαρσονιέρα,380.0,76,190.0,2.0,1.0,1.0,1.0,0.5,0.5,1,0,5.0,excellent,7.0,marabou unique stay,40.6386,22.9378,1,0,0
kalamaria,Γκαρσονιέρα,411.0,83,205.5,2.0,1.0,1.0,1.0,0.5,0.5,1,0,4.95,excellent,19.0,sofia,40.5734,22.9555,1,0,0
kalamaria,Διαμέρισμα,1050.0,210,105.0,10.0,4.0,1.0,2.0,0.1,0.4,1,0,4.0,good,15.0,houseloft,40.5855,22.9535,1,1,0
kalamaria,Διαμέρισμα,645.0,129,161.25,4.0,1.0,1.0,1.0,0.25,0.25,1,0,4.84,excellent,51.0,maria,40.59075,22.94661,1,1,0
kalamaria,Γκαρσονιέρα,380.0,76,190.0,2.0,1.0,1.0,1.0,0.5,0.5,1,0,4.85,excellent,0.0,ilona,40.57691,22.94963,0,0,0
kalamaria,Διαμέρισμα,448.0,90,74.66666666666667,6.0,2.0,3.0,1.0,0.5,0.3333333333333333,1,0,4.5,good,6.0,vidosav,40.5704,22.9718,1,1,0
kalamaria,Διαμέρισμα,800.0,160,200.0,4.0,2.0,2.0,1.0,0.5,0.5,1,0,4.91,excellent,47.0,dimitris,40.5874,22.9552,1,1,0
kalamaria,Διαμέρισμα,342.0,69,85.5,4.0,2.0,2.0,1.0,0.5,0.5,1,0,5.0,excellent,3.0,andreas,40.5873,22.9635,1,1,0
kalamaria,Γκαρσονιέρα,269.0,54,134.5,2.0,1.0,1.0,1.0,0.5,0.5,1,0,4.52,good,101.0,halu,40.61738,22.96212,1,0,0
kalamaria,Διαμέρισμα,136.0,28,45.333333333333336,3.0,1.0,1.0,1.0,0.3333333333333333,0.3333333333333333,1,0,4.86,excellent,63.0,,40.5746,22.96,1,0,0
kalamaria,Διαμέρισμα,526.0,106,131.5,4.0,1.0,3.0,1.0,0.75,0.25,1,0,5.0,excellent,13.0,maria,40.5901,22.9498,1,1,0
kalamaria,Διαμέρισμα,605.0,121,100.83333333333333,6.0,2.0,1.0,1.0,0.16666666666666666,0.3333333333333333,1,0,5.0,excellent,5.0,χρήστος,40.5742,22.95183,1,1,0
kalamaria,Διαμέρισμα,556.0,112,111.2,5.0,2.0,3.0,1.0,0.6,0.4,1,0,4.75,excellent,1.0,g  g apartments,40.5998,22.963,1,1,0
kalamaria,Διαμέρισμα,575.0,115,115.0,5.0,1.0,1.0,1.0,0.2,0.2,1,0,4.97,excellent,118.0,matoula,40.5888,22.9607,1,1,0
kalamaria,Βίλα,523.0,105,87.16666666666667,6.0,3.0,5.0,2.0,0.8333333333333334,0.5,1,0,4.86,excellent,94.0,akis,40.59593,22.9548,1,1,0
kalamaria,Γκαρσονιέρα,341.0,69,170.5,2.0,1.0,1.0,1.0,0.5,0.5,1,0,4.85,excellent,187.0,katerina,40.64211,22.93686,1,0,0
kalamaria,Διαμέρισμα,447.0,90,111.75,4.0,1.0,2.0,1.0,0.5,0.25,1,0,4.79,excellent,28.0,sohos traditional homes,40.61197,22.95576,1,1,0
kalamaria,Διαμέρισμα,790.0,158,197.5,4.0,1.0,1.0,1.0,0.25,0.25,1,0,4.95,excellent,20.0,natali,40.638,22.9387,1,1,0
kalamaria,Γκαρσονιέρα,274.0,55,137.0,2.0,1.0,1.0,1.0,0.5,0.5,1,0,5.0,excellent,14.0,athanassios,40.61,22.9615,1,0,0
kalamaria,Βίλα,259.0,52,43.166666666666664,6.0,3.0,3.0,1.0,0.5,0.5,1,0,4.89,excellent,386.0,nikos,40.58835,22.94207,1,1,0
kalamaria,Διαμέρισμα,605.0,121,121.0,5.0,2.0,3.0,1.0,0.6,0.4,1,0,4.76,excellent,51.0,lidor,40.64289,22.94234,1,1,0
kalamaria,Γκαρσονιέρα,252.0,51,126.0,2.0,1.0,1.0,1.0,0.5,0.5,1,0,5.0,excellent,1.0,vasilis,40.647,22.9225,1,0,0
kalamaria,Διαμέρισμα,516.0,104,86.0,6.0,2.0,1.0,1.0,0.16666666666666666,0.3333333333333333,1,0,3.2,average,5.0,houseloft,40.5861,22.95,1,1,0
kalamaria,Διαμέρισμα,330.0,66,110.0,3.0,1.0,1.0,1.0,0.3333333333333333,0.3333333333333333,1,0,4.91,excellent,34.0,αντώνιοςπηνελόπη,40.58539,22.96842,1,0,0
kalamaria,Διαμέρισμα,528.0,106,176.0,3.0,1.0,1.0,1.0,0.3333333333333333,0.3333333333333333,1,0,4.81,excellent,113.0,γεωργιος,40.56968,22.96774,1,0,0
kalamaria,Διαμέρισμα,324.0,65,81.0,4.0,1.0,2.0,1.0,0.5,0.25,1,0,4.93,excellent,177.0,ελευθερία,40.60904,22.96009,1,1,0
kalamaria,Διαμέρισμα,310.0,62,103.33333333333333,3.0,1.0,1.0,1.0,0.3333333333333333,0.3333333333333333,1,0,4.98,excellent,100.0,ελευθερία,40.608,22.975,1,0,0
kalamaria,Γκαρσονιέρα,324.0,65,162.0,2.0,1.0,1.0,1.0,0.5,0.5,1,0,4.87,excellent,30.0,theologos,40.5842,22.96824,1,0,0
kalamaria,Διαμέρισμα,398.0,80,66.33333333333333,6.0,2.0,1.0,1.0,0.16666666666666666,0.3333333333333333,1,0,4.97,excellent,115.0,ioannis,40.61625,22.97287,1,1,0
kalamaria,Διαμέρισμα,711.0,143,142.2,5.0,2.0,1.0,1.0,0.2,0.4,1,0,4.94,excellent,89.0,giorgos,40.5742,22.9496,1,1,0
kalamaria,Γκαρσονιέρα,294.0,59,147.0,2.0,1.0,1.0,1.0,0.5,0.5,1,0,4.89,excellent,19.0,κυριάκος,40.5887,22.9627,1,0,0
kalamaria,Διαμέρισμα,495.0,99,70.71428571428571,7.0,2.0,1.0,1.0,0.14285714285714285,0.2857142857142857,1,0,4.92,excellent,13.0,χρήστος,40.5774,22.9462,1,1,0
kalamaria,Διαμέρισμα,471.0,95,78.5,6.0,2.0,2.0,1.0,0.3333333333333333,0.3333333333333333,1,0,4.63,good,0.0,anastasios,40.5697,22.9561,0,1,0
kalamaria,Διαμέρισμα,717.0,144,239.0,3.0,1.0,1.0,1.0,0.3333333333333333,0.3333333333333333,1,0,4.89,excellent,100.0,anastasiosvasileios,40.64049,22.96023,1,0,0
kalamaria,Διαμέρισμα,346.0,70,115.33333333333333,3.0,1.0,1.0,1.0,0.3333333333333333,0.3333333333333333,1,0,4.77,excellent,105.0,katerina,40.5986,22.9543,1,0,0
kalamaria,Διαμέρισμα,300.0,60,100.0,3.0,1.0,2.0,1.0,0.6666666666666666,0.3333333333333333,1,0,4.86,excellent,57.0,christina,40.58796,22.96472,1,0,0
kalamaria,Γκαρσονιέρα,375.0,75,187.5,2.0,1.0,1.0,1.0,0.5,0.5,1,0,4.93,excellent,14.0,proliving hospitality,40.5944,22.9556,1,0,0
kalamaria,Γκαρσονιέρα,271.0,55,135.5,2.0,1.0,2.0,1.0,1.0,0.5,1,0,4.68,good,59.0,xristina,40.57056,22.97171,1,0,0
kalamaria,Γκαρσονιέρα,311.0,63,155.5,2.0,1.0,1.0,1.0,0.5,0.5,1,0,4.79,excellent,38.0,vasiliki,40.60497,22.95394,1,0,0
kalamaria,Διαμέρισμα,434.0,87,108.5,4.0,1.0,3.0,1.0,0.75,0.25,1,0,4.89,excellent,110.0,olga,40.59385,22.98822,1,1,0
kalamaria,Γκαρσονιέρα,190.0,38,95.0,2.0,1.0,1.0,1.0,0.5,0.5,1,0,4.44,good,2.0,vilfredo,40.6021,22.9728,1,0,0
kalamaria,Γκαρσονιέρα,329.0,66,164.5,2.0,1.0,1.0,1.0,0.5,0.5,1,0,4.36,good,28.0,κωνσταντίνος,40.5875,22.9571,1,0,0
kalamaria,Διαμέρισμα,302.0,61,75.5,4.0,1.0,1.0,1.0,0.25,0.25,1,0,4.94,excellent,85.0,κωνσταντίνος,40.6138,22.984,1,1,0
kalamaria,Διαμέρισμα,585.0,117,195.0,3.0,2.0,2.0,1.0,0.6666666666666666,0.6666666666666666,1,0,5.0,excellent,3.0,apostolos,40.6088,22.9548,1,0,0
kalamaria,Διαμέρισμα,271.0,55,67.75,4.0,1.0,2.0,1.0,0.5,0.25,1,0,4.75,excellent,0.0,fotios,40.6349,22.9365,0,1,0
kalamaria,Βίλα,380.0,76,76.0,5.0,3.0,3.0,1.0,0.6,0.6,1,0,4.96,excellent,194.0,ria,40.6009,22.9755,1,1,0
kalamaria,Διαμέρισμα,604.0,121,151.0,4.0,1.0,1.0,1.0,0.25,0.25,1,0,4.91,excellent,96.0,innovation,40.60334,22.95186,1,1,0
kalamaria,Γκαρσονιέρα,326.0,66,163.0,2.0,1.0,1.0,1.0,0.5,0.5,1,0,4.95,excellent,21.0,tasos,40.6055,22.968,1,0,0
kalamaria,Διαμέρισμα,372.0,75,124.0,3.0,2.0,1.0,1.0,0.3333333333333333,0.6666666666666666,1,0,4.81,excellent,86.0,φιλιππια,40.60216,22.95554,1,0,0
kalamaria,Διαμέρισμα,384.0,77,128.0,3.0,1.0,2.0,1.0,0.6666666666666666,0.3333333333333333,1,0,4.65,good,17.0,svetlana,40.58181,22.94632,1,0,0
kalamaria,Διαμέρισμα,401.0,81,133.66666666666666,3.0,1.0,1.0,1.0,0.3333333333333333,0.3333333333333333,1,0,5.0,excellent,9.0,dimitriadis,40.6094,22.9618,1,0,0
kalamaria,Διαμέρισμα,302.0,61,100.66666666666667,3.0,1.0,2.0,1.0,0.6666666666666666,0.3333333333333333,1,0,4.64,good,14.0,smart plan,40.60545,22.95526,1,0,0
kalamaria,Διαμέρισμα,338.0,68,84.5,4.0,1.0,1.0,1.0,0.25,0.25,1,0,4.77,excellent,108.0,sofia,40.6075,22.9599,1,1,0
kalamaria,Γκαρσονιέρα,276.0,56,138.0,2.0,1.0,1.0,1.0,0.5,0.5,1,0,4.95,excellent,146.0,eleni,40.59918,22.95918,1,0,0
kalamaria,Διαμέρισμα,370.0,74,92.5,4.0,1.0,1.0,1.0,0.25,0.25,1,0,4.88,excellent,105.0,ινεσσα,40.5979,22.9519,1,1,0
kalamaria,Διαμέρισμα,267.0,54,66.75,4.0,1.0,1.0,1.0,0.25,0.25,1,0,4.77,excellent,140.0,georgios,40.6099,22.9602,1,1,0
kalamaria,Διαμέρισμα,1314.0,263,219.0,6.0,2.0,1.0,1.0,0.16666666666666666,0.3333333333333333,1,0,4.81,excellent,21.0,dimitris,40.572,22.9574,1,1,0
kalamaria,Διαμέρισμα,290.0,58,72.5,4.0,1.0,1.0,1.0,0.25,0.25,1,0,4.71,excellent,24.0,prodromos,40.6032,22.9629,1,1,0
kalamaria,Διαμέρισμα,339.0,68,84.75,4.0,1.0,1.0,1.0,0.25,0.25,1,0,5.0,excellent,1.0,lambis,40.6343,22.9369,1,1,0
kalamaria,Βίλα,755.0,151,125.83333333333333,6.0,3.0,4.0,1.0,0.6666666666666666,0.5,1,0,4.92,excellent,12.0,nikolaos,40.5775,22.9514,1,1,0
kalamaria,Διαμέρισμα,505.0,101,126.25,4.0,1.0,1.0,1.0,0.25,0.25,1,0,5.0,excellent,32.0,νικολαος,40.6132,22.9588,1,1,0
kalamaria,Βίλα,682.0,137,113.66666666666667,6.0,3.0,3.0,2.0,0.5,0.5,1,0,4.97,excellent,31.0,achilleas,40.58088,22.94898,1,1,0
kalamaria,Γκαρσονιέρα,516.0,104,258.0,2.0,1.0,1.0,1.0,0.5,0.5,1,0,5.0,excellent,10.0,dimitra,40.5669,22.9574,1,0,0
kalamaria,Διαμέρισμα,407.0,82,135.66666666666666,3.0,1.0,1.0,1.0,0.3333333333333333,0.3333333333333333,1,0,4.89,excellent,9.0,roy living,40.6106,22.9589,1,0,0
kalamaria,Διαμέρισμα,455.0,91,113.75,4.0,1.0,1.0,1.0,0.25,0.25,1,0,4.98,excellent,45.0,sky nomads,40.5965,22.9539,1,1,0
kalamaria,Διαμέρισμα,305.0,61,76.25,4.0,1.0,2.0,1.0,0.5,0.25,1,0,4.89,excellent,81.0,teo,40.63486,22.95276,1,1,0
kalamaria,Διαμέρισμα,404.0,81,101.0,4.0,1.0,1.0,1.0,0.25,0.25,1,0,4.94,excellent,262.0,chris,40.607,22.953,1,1,0
kalamaria,Γκαρσονιέρα,423.0,85,211.5,2.0,1.0,1.0,1.0,0.5,0.5,1,0,4.79,excellent,48.0,binobi,40.6119,22.9571,1,0,0
kalamaria,Διαμέρισμα,277.0,56,69.25,4.0,1.0,1.0,1.0,0.25,0.25,1,0,5.0,excellent,5.0,kellys airbnb μαγική αυλή,40.6096,22.9626,1,1,0
kalamaria,Διαμέρισμα,337.0,68,112.33333333333333,3.0,1.0,1.0,1.0,0.3333333333333333,0.3333333333333333,1,0,4.81,excellent,148.0,aspasia,40.60721,22.95435,1,0,0
kalamaria,Διαμέρισμα,294.0,59,58.8,5.0,1.0,1.0,1.0,0.2,0.2,1,0,4.95,excellent,38.0,theurbanloft,40.6503,22.9282,1,1,0
kalamaria,Διαμέρισμα,480.0,96,160.0,3.0,1.0,1.0,1.0,0.3333333333333333,0.3333333333333333,1,0,4.95,excellent,138.0,σπυριδων,40.54794,23.02532,1,0,0
kalamaria,Βίλα,441.0,89,73.5,6.0,3.0,4.0,2.0,0.6666666666666666,0.5,1,0,4.97,excellent,148.0,helena,40.6043,22.9526,1,1,0
kalamaria,Διαμέρισμα,375.0,75,93.75,4.0,1.0,2.0,1.0,0.5,0.25,1,0,4.92,excellent,115.0,stella,40.6058,22.9562,1,1,0
kalamaria,Διαμέρισμα,565.0,113,141.25,4.0,2.0,3.0,1.0,0.75,0.5,1,0,4.92,excellent,37.0,ioannis,40.5746,22.9635,1,1,0
kalamaria,Διαμέρισμα,461.0,93,92.2,5.0,2.0,3.0,1.0,0.6,0.4,1,0,4.83,excellent,29.0,lidor,40.60705,22.95775,1,1,0
kalamaria,Διαμέρισμα,353.0,71,88.25,4.0,1.0,2.0,1.0,0.5,0.25,1,0,4.76,excellent,86.0,nikos,40.61595,22.9747,1,1,0
kalamaria,Διαμέρισμα,716.0,144,143.2,5.0,2.0,2.0,1.0,0.4,0.4,1,0,5.0,excellent,8.0,katerina,40.5728,22.967,1,1,0
kalamaria,Διαμέρισμα,376.0,76,94.0,4.0,1.0,1.0,1.0,0.25,0.25,1,0,4.91,excellent,87.0,κωνσταντίνος,40.6053,22.9537,1,1,0
kalamaria,Γκαρσονιέρα,213.0,43,106.5,2.0,1.0,1.0,1.0,0.5,0.5,1,0,4.59,good,107.0,andreas anna,40.6141,22.9662,1,0,0
kalamaria,Διαμέρισμα,558.0,112,111.6,5.0,1.0,1.0,1.0,0.2,0.2,1,0,4.97,excellent,71.0,ioannis,40.5803,22.9524,1,1,0
kalamaria,Διαμέρισμα,377.0,76,75.4,5.0,2.0,1.0,1.0,0.2,0.4,1,0,4.87,excellent,38.0,asterios,40.5337824,22.99871418,1,1,0
kalamaria,Γκαρσονιέρα,460.0,92,230.0,2.0,1.0,1.0,1.0,0.5,0.5,1,0,5.0,excellent,16.0,proliving hospitality,40.59595954,22.95520633,1,0,0
kalamaria,Γκαρσονιέρα,229.0,46,114.5,2.0,1.0,1.0,1.0,0.5,0.5,1,0,4.9,excellent,192.0,theodoros,40.66211,22.91335,1,0,0
kalamaria,Διαμέρισμα,472.0,95,118.0,4.0,1.0,1.0,1.0,0.25,0.25,1,0,4.9,excellent,51.0,sky nomads,40.5965,22.9539,1,1,0
kalamaria,Διαμέρισμα,422.0,85,70.33333333333333,6.0,2.0,1.0,1.0,0.16666666666666666,0.3333333333333333,1,0,4.92,excellent,65.0,lina,40.61506,22.974,1,1,0
kalamaria,Διαμέρισμα,371.0,75,92.75,4.0,1.0,1.0,1.0,0.25,0.25,1,0,4.95,excellent,179.0,μαρία,40.60119,22.99372,1,1,0
kalamaria,Διαμέρισμα,325.0,65,108.33333333333333,3.0,1.0,1.0,1.0,0.3333333333333333,0.3333333333333333,1,0,5.0,excellent,2.0,christos,40.61284,22.9731,1,0,0
kalamaria,Διαμέρισμα,444.0,89,49.333333333333336,9.0,2.0,1.0,1.0,0.1111111111111111,0.2222222222222222,1,0,4.92,excellent,12.0,fotios,40.60227562,22.95261355,1,1,0
kalamaria,Διαμέρισμα,327.0,66,81.75,4.0,1.0,1.0,1.0,0.25,0.25,1,0,5.0,excellent,5.0,δημητρα,40.6102,22.9548,1,1,0
kalamaria,Γκαρσονιέρα,293.0,59,146.5,2.0,1.0,1.0,1.0,0.5,0.5,1,0,4.85,excellent,131.0,θεοδωρος,40.6202,22.962,1,0,0
kalamaria,Γκαρσονιέρα,287.0,58,143.5,2.0,1.0,1.0,1.0,0.5,0.5,1,0,4.66,good,340.0,μαρια,40.50643,22.92769,1,0,0
kalamaria,Γκαρσονιέρα,329.0,66,164.5,2.0,1.0,1.0,1.0,0.5,0.5,1,0,4.38,good,1.0,maryland,40.6036,22.9622,1,0,0
kalamaria,Διαμέρισμα,493.0,99,98.6,5.0,2.0,3.0,1.0,0.6,0.4,1,0,4.99,excellent,75.0,giorgos,40.6062,22.9818,1,1,0
kalamaria,Διαμέρισμα,488.0,98,122.0,4.0,1.0,1.0,1.0,0.25,0.25,1,0,4.98,excellent,97.0,αντώνης,40.49,22.8594,1,1,0
kalamaria,Διαμέρισμα,386.0,78,77.2,5.0,1.0,1.0,1.0,0.2,0.2,1,0,4.87,excellent,112.0,mario,40.6097,22.9629,1,1,0
neapoli,Διαμέρισμα,317.0,64,105.66666666666667,3.0,1.0,2.0,1.0,0.6666666666666666,0.3333333333333333,1,1,4.92,excellent,64.0,dimitrios,40.64397,22.95222,1,0,1
neapoli,Διαμέρισμα,281.0,57,93.66666666666667,3.0,1.0,2.0,1.5,0.6666666666666666,0.3333333333333333,1,1,4.9,excellent,528.0,μαρία,40.63214,22.94413,1,0,1
neapoli,Διαμέρισμα,204.0,41,68.0,3.0,1.0,2.0,1.0,0.6666666666666666,0.3333333333333333,1,0,4.79,excellent,13.0,sotirios,40.6452,22.9433,1,0,0
neapoli,Διαμέρισμα,183.0,37,45.75,4.0,1.0,1.0,1.0,0.25,0.25,1,0,4.47,good,109.0,anastasia,40.64301,22.94989,1,1,0
neapoli,Γκαρσονιέρα,278.0,56,139.0,2.0,1.0,1.0,1.0,0.5,0.5,1,1,4.79,excellent,546.0,alexandra,40.6318,22.9417,1,0,1
neapoli,Διαμέρισμα,305.0,61,76.25,4.0,1.0,2.0,1.0,0.5,0.25,1,1,4.96,excellent,153.0,konstantinos,40.64423,22.93777,1,1,1
neapoli,Διαμέρισμα,346.0,70,57.666666666666664,6.0,2.0,2.0,1.0,0.3333333333333333,0.3333333333333333,1,1,4.92,excellent,282.0,aimilios,40.63584,22.95374,1,1,1
neapoli,Γκαρσονιέρα,285.0,57,142.5,2.0,1.0,1.0,1.0,0.5,0.5,1,0,4.86,excellent,11.0,guy,40.63751,22.95035,1,0,0
neapoli,Γκαρσονιέρα,328.0,66,164.0,2.0,1.0,1.0,1.0,0.5,0.5,1,1,4.93,excellent,25.0,tania,40.6372,22.9365,1,0,1
neapoli,Γκαρσονιέρα,246.0,50,123.0,2.0,1.0,2.0,1.0,1.0,0.5,1,1,4.75,excellent,147.0,eleni,40.6369,22.95202,1,0,1
neapoli,Διαμέρισμα,281.0,57,70.25,4.0,2.0,3.0,1.0,0.75,0.5,1,0,4.74,excellent,34.0,dimitrios,40.645,22.93799,1,1,0
neapoli,Γκαρσονιέρα,277.0,56,138.5,2.0,1.0,1.0,1.0,0.5,0.5,1,0,4.61,good,54.0,maria,40.63921,22.94975,1,0,0
neapoli,Γκαρσονιέρα,376.0,76,188.0,2.0,1.0,1.0,1.0,0.5,0.5,1,1,4.87,excellent,173.0,my street,40.63987,22.93722,1,0,1
neapoli,Διαμέρισμα,353.0,71,88.25,4.0,2.0,4.0,1.0,1.0,0.5,1,0,4.81,excellent,105.0,ioanna apartments,40.6389,22.9362,1,1,0
neapoli,Διαμέρισμα,282.0,57,94.0,3.0,1.0,1.0,1.0,0.3333333333333333,0.3333333333333333,1,0,4.86,excellent,9.0,georgios,40.64087059776268,22.949991,1,0,0
neapoli,Γκαρσονιέρα,264.0,53,132.0,2.0,1.0,1.0,1.0,0.5,0.5,1,1,4.97,excellent,71.0,maria,40.641,22.9527,1,0,1
neapoli,Διαμέρισμα,329.0,66,109.66666666666667,3.0,1.0,1.0,1.0,0.3333333333333333,0.3333333333333333,1,1,4.87,excellent,21.0,room8 suites,40.6367,22.9524,1,0,1
neapoli,Γκαρσονιέρα,392.0,79,196.0,2.0,1.0,1.0,1.0,0.5,0.5,1,1,4.92,excellent,21.0,miltos,40.63008,22.94939,1,0,1
neapoli,Διαμέρισμα,293.0,59,97.66666666666667,3.0,1.0,2.0,1.5,0.6666666666666666,0.3333333333333333,1,1,4.82,excellent,222.0,simos,40.6393,22.9443,1,0,1
neapoli,Διαμέρισμα,316.0,64,79.0,4.0,1.0,2.0,1.0,0.5,0.25,1,0,4.84,excellent,97.0,innovation,40.63692,22.93642,1,1,0
neapoli,Γκαρσονιέρα,234.0,47,117.0,2.0,1.0,2.0,1.0,1.0,0.5,1,1,4.65,good,31.0,athanasios,40.63547,22.95003,1,0,1
neapoli,Διαμέρισμα,267.0,54,89.0,3.0,1.0,2.0,1.0,0.6666666666666666,0.3333333333333333,1,1,4.9,excellent,271.0,kleanthi,40.638,22.94786,1,0,1
neapoli,Διαμέρισμα,394.0,79,98.5,4.0,1.0,2.0,1.0,0.5,0.25,1,1,4.73,excellent,117.0,mariana,40.63567,22.95231,1,1,1
neapoli,Διαμέρισμα,317.0,64,79.25,4.0,1.0,2.0,1.0,0.5,0.25,1,1,4.82,excellent,232.0,ntemi and nick,40.63982,22.94939,1,1,1
neapoli,Διαμέρισμα,460.0,92,115.0,4.0,1.0,1.0,1.0,0.25,0.25,1,1,4.86,excellent,145.0,ioannis and christina tzekou,40.63695,22.94411,1,1,1
neapoli,Διαμέρισμα,226.0,46,75.33333333333333,3.0,1.0,2.0,1.0,0.6666666666666666,0.3333333333333333,1,0,4.73,excellent,26.0,chrysovalantou,40.63530153158962,22.95227,1,0,0
neapoli,Διαμέρισμα,305.0,61,76.25,4.0,1.0,2.0,1.0,0.5,0.25,1,1,4.96,excellent,166.0,konstantinos,40.64224,22.93783,1,1,1
neapoli,Γκαρσονιέρα,244.0,49,122.0,2.0,1.0,3.0,1.0,1.5,0.5,1,0,4.68,good,68.0,george,40.6345,22.9484,1,0,0
neapoli,Γκαρσονιέρα,232.0,47,116.0,2.0,1.0,1.0,1.0,0.5,0.5,1,1,4.94,excellent,144.0,dimitra loukia,40.6419,22.9611,1,0,1
neapoli,Διαμέρισμα,388.0,78,129.33333333333334,3.0,1.0,2.0,1.0,0.6666666666666666,0.3333333333333333,1,1,4.98,excellent,152.0,kelly,40.64059,22.95602,1,0,1
neapoli,Διαμέρισμα,283.0,57,70.75,4.0,1.0,4.0,1.0,1.0,0.25,1,0,4.86,excellent,94.0,paraskevi,40.64085,22.9358,1,1,0
neapoli,Γκαρσονιέρα,298.0,60,149.0,2.0,1.0,1.0,1.0,0.5,0.5,1,0,4.81,excellent,102.0,ioanna apartments,40.6389,22.9362,1,0,0
neapoli,Διαμέρισμα,325.0,65,81.25,4.0,2.0,2.0,1.0,0.5,0.5,1,1,4.91,excellent,264.0,δημητρης,40.6288,22.9528,1,1,1
neapoli,Γκαρσονιέρα,278.0,56,139.0,2.0,1.0,1.0,1.0,0.5,0.5,1,0,4.67,good,83.0,λένια,40.6363,22.9373,1,0,0
neapoli,Γκαρσονιέρα,280.0,56,140.0,2.0,1.0,1.0,1.0,0.5,0.5,1,1,4.72,excellent,174.0,σπυρος,40.638,22.939,1,0,1
neapoli,Διαμέρισμα,275.0,55,91.66666666666667,3.0,1.0,1.0,1.0,0.3333333333333333,0.3333333333333333,1,1,4.9,excellent,30.0,άρηmarkella,40.6361,22.9519,1,0,1
neapoli,Διαμέρισμα,332.0,67,110.66666666666667,3.0,1.0,1.0,1.0,0.3333333333333333,0.3333333333333333,1,1,4.86,excellent,40.0,georgios,40.64108,22.94997,1,0,1
neapoli,Γκαρσονιέρα,277.0,56,138.5,2.0,1.0,1.0,1.0,0.5,0.5,1,1,4.79,excellent,703.0,alexandra,40.6318,22.9417,1,0,1
neapoli,Διαμέρισμα,529.0,106,132.25,4.0,1.0,3.0,1.0,0.75,0.25,1,1,4.89,excellent,104.0,ioannis,40.6368,22.9428,1,1,1
neapoli,Διαμέρισμα,310.0,62,103.33333333333333,3.0,1.0,1.0,1.0,0.3333333333333333,0.3333333333333333,1,0,4.84,excellent,147.0,innovation,40.6378,22.93699,1,0,0
neapoli,Διαμέρισμα,429.0,86,107.25,4.0,1.0,2.0,1.0,0.5,0.25,1,1,4.97,excellent,413.0,eleni,40.6304,22.95053,1,1,1
neapoli,Στούντιο,260.0,52,260.0,1.0,1.0,1.0,1.0,1.0,1.0,1,1,4.98,excellent,116.0,,40.63754,22.94952,1,0,1
neapoli,Διαμέρισμα,328.0,66,109.33333333333333,3.0,1.0,1.0,1.0,0.3333333333333333,0.3333333333333333,1,0,4.79,excellent,9.0,αλέξανδρος,40.6403,22.94269,1,0,0
neapoli,Διαμέρισμα,412.0,83,103.0,4.0,1.0,2.0,1.0,0.5,0.25,1,0,4.79,excellent,266.0,vasilis,40.63621,22.93697,1,1,0
neapoli,Γκαρσονιέρα,605.0,121,302.5,2.0,1.0,2.0,1.0,1.0,0.5,1,1,4.83,excellent,40.0,halu,40.6317,22.9451,1,0,1
neapoli,Γκαρσονιέρα,323.0,65,161.5,2.0,1.0,1.0,1.0,0.5,0.5,1,1,4.93,excellent,235.0,george,40.6375,22.9438,1,0,1
neapoli,Διαμέρισμα,415.0,83,103.75,4.0,1.0,2.0,1.0,0.5,0.25,1,0,4.87,excellent,138.0,my street,40.63791,22.938,1,1,0
neapoli,Διαμέρισμα,318.0,64,79.5,4.0,1.0,2.0,1.0,0.5,0.25,1,1,4.89,excellent,158.0,κλεάνθης,40.64034,22.96084,1,1,1
neapoli,Γκαρσονιέρα,273.0,55,136.5,2.0,1.0,1.0,1.0,0.5,0.5,1,1,4.94,excellent,43.0,chrysoula,40.6386,22.963,1,0,1
neapoli,Διαμέρισμα,439.0,88,109.75,4.0,1.0,2.0,1.0,0.5,0.25,1,1,4.94,excellent,221.0,erik,40.63384,22.94883,1,1,1
neapoli,Διαμέρισμα,380.0,76,126.66666666666667,3.0,1.0,2.0,1.0,0.6666666666666666,0.3333333333333333,1,1,4.85,excellent,72.0,georgios,40.63289,22.95132,1,0,1
neapoli,Διαμέρισμα,439.0,88,109.75,4.0,1.0,2.0,1.0,0.5,0.25,1,1,4.88,excellent,169.0,magdalena,40.63794,22.93946,1,1,1
neapoli,Διαμέρισμα,364.0,73,91.0,4.0,1.0,2.0,1.0,0.5,0.25,1,1,4.94,excellent,116.0,ioanna,40.6415,22.96,1,1,1
neapoli,Διαμέρισμα,320.0,64,80.0,4.0,1.0,2.0,1.0,0.5,0.25,1,0,4.84,excellent,106.0,innovation,40.63822,22.93614,1,1,0
neapoli,Διαμέρισμα,362.0,73,90.5,4.0,1.0,2.0,1.0,0.5,0.25,1,0,4.85,excellent,140.0,cristina and tomas skgbnb,40.63205,22.94766,1,1,0
neapoli,Διαμέρισμα,366.0,74,122.0,3.0,1.0,1.0,1.0,0.3333333333333333,0.3333333333333333,1,0,4.72,excellent,78.0,apostolos,40.63474,22.94606,1,0,0
neapoli,Γκαρσονιέρα,310.0,62,155.0,2.0,1.0,1.0,1.0,0.5,0.5,1,0,4.84,excellent,110.0,innovation,40.63598,22.93638,1,0,0
neapoli,Διαμέρισμα,391.0,79,97.75,4.0,1.0,2.0,1.0,0.5,0.25,1,0,4.8,excellent,180.0,helias,40.6283,22.9497,1,1,0
neapoli,Γκαρσονιέρα,237.0,48,118.5,2.0,1.0,1.0,1.0,0.5,0.5,1,1,4.79,excellent,578.0,alexandra,40.6318,22.9417,1,0,1
neapoli,Διαμέρισμα,420.0,84,105.0,4.0,1.0,1.0,1.0,0.25,0.25,1,1,4.91,excellent,209.0,π38,40.6316,22.9474,1,1,1
neapoli,Γκαρσονιέρα,315.0,63,157.5,2.0,1.0,1.0,1.0,0.5,0.5,1,0,4.81,excellent,288.0,paraskevi,40.6425,22.93687,1,0,0
neapoli,Διαμέρισμα,306.0,62,76.5,4.0,1.0,2.0,1.0,0.5,0.25,1,0,4.67,good,182.0,john,40.63612,22.93576,1,1,0
neapoli,Γκαρσονιέρα,370.0,74,185.0,2.0,1.0,1.0,1.0,0.5,0.5,1,1,5.0,excellent,92.0,dimitris,40.6336,22.949,1,0,1
neapoli,Διαμέρισμα,308.0,62,51.333333333333336,6.0,2.0,1.5,1.0,0.25,0.3333333333333333,1,0,4.65,good,34.0,ioannis,40.63554,22.93814,1,1,0
neapoli,Διαμέρισμα,422.0,85,105.5,4.0,1.0,2.0,1.0,0.5,0.25,1,1,4.99,excellent,18.0,george,40.6382,22.9502,1,1,1
neapoli,Διαμέρισμα,516.0,104,129.0,4.0,1.0,2.0,1.0,0.5,0.25,1,1,4.87,excellent,128.0,my street,40.63996,22.93889,1,1,1
neapoli,Γκαρσονιέρα,224.0,45,112.0,2.0,1.0,1.0,1.0,0.5,0.5,1,1,5.0,excellent,6.0,asteris,40.64571724302306,22.9517388,1,0,1
neapoli,Διαμέρισμα,447.0,90,111.75,4.0,1.0,2.0,1.0,0.5,0.25,1,1,4.92,excellent,173.0,maria,40.6365,22.9376,1,1,1
neapoli,Γκαρσονιέρα,262.0,53,131.0,2.0,1.0,1.0,1.0,0.5,0.5,1,1,4.85,excellent,58.0,georgios,40.63267,22.95116,1,0,1
neapoli,Διαμέρισμα,309.0,62,77.25,4.0,1.0,2.0,1.0,0.5,0.25,1,0,4.79,excellent,812.0,alexandra,40.6318,22.9417,1,1,0
neapoli,Γκαρσονιέρα,390.0,78,195.0,2.0,1.0,1.0,1.0,0.5,0.5,1,0,4.85,excellent,45.0,cristina and tomas skgbnb,40.64198,22.94183,1,0,0
neapoli,Γκαρσονιέρα,265.0,53,132.5,2.0,1.0,1.0,1.0,0.5,0.5,1,1,4.91,excellent,138.0,chrysoula,40.6388,22.9625,1,0,1
neapoli,Διαμέρισμα,374.0,75,93.5,4.0,1.0,2.0,1.0,0.5,0.25,1,0,4.71,excellent,239.0,helias,40.62776,22.94873,1,1,0
neapoli,Διαμέρισμα,378.0,76,94.5,4.0,1.0,2.0,1.0,0.5,0.25,1,0,4.84,excellent,134.0,innovation,40.63672,22.93779,1,1,0
neapoli,Διαμέρισμα,410.0,82,102.5,4.0,1.0,2.0,1.0,0.5,0.25,1,1,4.9,excellent,292.0,έλενα,40.6379,22.9436,1,1,1
neapoli,Διαμέρισμα,482.0,97,160.66666666666666,3.0,1.0,1.0,1.0,0.3333333333333333,0.3333333333333333,1,1,4.97,excellent,213.0,athanasios,40.6411,22.9439,1,0,1
neapoli,Διαμέρισμα,276.0,56,92.0,3.0,1.0,2.0,1.0,0.6666666666666666,0.3333333333333333,1,1,4.84,excellent,196.0,zoitsa,40.64252,22.94417,1,0,1
neapoli,Γκαρσονιέρα,382.0,77,191.0,2.0,1.0,1.0,1.0,0.5,0.5,1,0,4.85,excellent,323.0,giorgos,40.6308,22.9515,1,0,0
neapoli,Διαμέρισμα,355.0,71,88.75,4.0,1.0,2.0,1.0,0.5,0.25,1,1,4.97,excellent,72.0,daniil,40.6378,22.9506,1,1,1
neapoli,Διαμέρισμα,381.0,77,95.25,4.0,1.0,2.0,1.0,0.5,0.25,1,1,5.0,excellent,38.0,george,40.6359,22.9534,1,1,1
neapoli,Γκαρσονιέρα,294.0,59,147.0,2.0,1.0,1.0,1.0,0.5,0.5,1,1,4.84,excellent,409.0,escapeinstyle,40.6318,22.9417,1,0,1
neapoli,Γκαρσονιέρα,245.0,49,122.5,2.0,1.0,1.0,1.0,0.5,0.5,1,1,4.89,excellent,206.0,georgios,40.6407,22.93661,1,0,1
neapoli,Διαμέρισμα,437.0,88,72.83333333333333,6.0,2.0,3.0,1.0,0.5,0.3333333333333333,1,0,4.76,excellent,9.0,evgeny,40.64085,22.93696,1,1,0
neapoli,Διαμέρισμα,522.0,105,130.5,4.0,1.0,2.0,1.0,0.5,0.25,1,1,4.93,excellent,63.0,ioannis,40.6324,22.9452,1,1,1
neapoli,Γκαρσονιέρα,265.0,53,132.5,2.0,1.0,1.0,1.0,0.5,0.5,1,1,4.94,excellent,138.0,chrysoula,40.6388,22.9625,1,0,1
neapoli,Διαμέρισμα,353.0,71,88.25,4.0,1.0,2.0,1.0,0.5,0.25,1,0,4.83,excellent,8.0,mike,40.6364,22.9547,1,1,0
neapoli,Διαμέρισμα,373.0,75,93.25,4.0,1.0,2.0,1.0,0.5,0.25,1,1,4.92,excellent,108.0,silvia,40.641,22.9454,1,1,1
neapoli,Γκαρσονιέρα,394.0,79,197.0,2.0,1.0,1.0,1.0,0.5,0.5,1,1,4.82,excellent,182.0,ntemi and nick,40.6409,22.943,1,0,1
neapoli,Γκαρσονιέρα,257.0,52,128.5,2.0,1.0,1.0,1.0,0.5,0.5,1,1,4.96,excellent,78.0,dimitrios,40.63922,22.96257,1,0,1
neapoli,Διαμέρισμα,352.0,71,88.0,4.0,1.0,2.0,1.0,0.5,0.25,1,1,4.94,excellent,34.0,christos,40.6416,22.949,1,1,1
neapoli,Γκαρσονιέρα,438.0,88,219.0,2.0,1.0,1.0,1.0,0.5,0.5,1,1,5.0,excellent,74.0,eleni,40.6372,22.9467,1,0,1
neapoli,Διαμέρισμα,339.0,68,113.0,3.0,1.0,2.0,1.0,0.6666666666666666,0.3333333333333333,1,1,4.93,excellent,15.0,dimitris,40.644,22.9402,1,0,1
neapoli,Γκαρσονιέρα,290.0,58,145.0,2.0,1.0,1.0,1.0,0.5,0.5,1,1,4.86,excellent,35.0,anastasia,40.63593786,22.9587517,1,0,1
neapoli,Διαμέρισμα,373.0,75,124.33333333333333,3.0,1.0,2.0,1.0,0.6666666666666666,0.3333333333333333,1,1,4.85,excellent,100.0,georgios,40.6337,22.9503,1,0,1
neapoli,Γκαρσονιέρα,464.0,93,232.0,2.0,1.0,1.0,1.0,0.5,0.5,1,0,4.86,excellent,22.0,tomascristina skgbnb,40.6387,22.9485,1,0,0
neapoli,Διαμέρισμα,340.0,68,85.0,4.0,2.0,4.0,1.0,1.0,0.5,1,1,4.91,excellent,121.0,αθανάσιος,40.61522,22.96542,1,1,1
neapoli,Διαμέρισμα,583.0,117,145.75,4.0,1.0,1.0,1.0,0.25,0.25,1,0,4.87,excellent,183.0,my street,40.6379,22.93827,1,1,0
neapoli,Διαμέρισμα,500.0,100,125.0,4.0,1.0,2.0,1.0,0.5,0.25,1,1,4.91,excellent,71.0,estia premium apartments by dkt,40.6423,22.9348,1,1,1
neapoli,Διαμέρισμα,359.0,72,89.75,4.0,1.0,2.0,1.0,0.5,0.25,1,1,4.89,excellent,24.0,dimitrios,40.6425,22.9296,1,1,1
neapoli,Διαμέρισμα,502.0,101,125.5,4.0,1.0,2.0,1.0,0.5,0.25,1,1,4.84,excellent,85.0,innovation,40.6382,22.9371,1,1,1
neapoli,Γκαρσονιέρα,277.0,56,138.5,2.0,1.0,1.0,1.0,0.5,0.5,1,0,4.8,excellent,54.0,maria,40.63921,22.94975,1,0,0
neapoli,Γκαρσονιέρα,244.0,49,122.0,2.0,1.0,3.0,1.0,1.5,0.5,1,0,4.78,excellent,68.0,george,40.6345,22.9484,1,0,0
neapoli,Διαμέρισμα,407.0,82,101.75,4.0,1.0,1.0,1.0,0.25,0.25,1,1,5.0,excellent,6.0,vasiliki,40.6421,22.9609,1,1,1
neapoli,Διαμέρισμα,361.0,73,90.25,4.0,1.0,2.0,1.0,0.5,0.25,1,0,4.84,excellent,156.0,innovation,40.6381,22.93704,1,1,0
neapoli,Διαμέρισμα,267.0,54,89.0,3.0,1.0,2.0,1.0,0.6666666666666666,0.3333333333333333,1,1,4.9,excellent,271.0,kleanthi,,,1,0,1
neapoli,Γκαρσονιέρα,357.0,72,178.5,2.0,1.0,2.0,1.0,1.0,0.5,1,0,4.72,excellent,61.0,apostolos,40.63409,22.94817,1,0,0
neapoli,Γκαρσονιέρα,285.0,57,142.5,2.0,1.0,1.0,1.0,0.5,0.5,1,1,4.97,excellent,175.0,ioanna,40.6388,22.9625,1,0,1
neapoli,Διαμέρισμα,364.0,73,91.0,4.0,1.0,2.0,1.0,0.5,0.25,1,1,4.99,excellent,197.0,andreas,40.6301,22.9667,1,1,1
neapoli,Διαμέρισμα,360.0,72,120.0,3.0,1.0,2.0,1.0,0.6666666666666666,0.3333333333333333,1,1,5.0,excellent,9.0,konstantinos,40.6413,22.9397,1,0,1
neapoli,Γκαρσονιέρα,249.0,50,124.5,2.0,1.0,1.0,1.0,0.5,0.5,1,1,4.87,excellent,77.0,γιωργος,40.6373,22.9545,1,0,1
neapoli,Διαμέρισμα,226.0,46,75.33333333333333,3.0,1.0,2.0,1.0,0.6666666666666666,0.3333333333333333,1,0,4.73,excellent,26.0,chrysovalantou,40.63530153,22.95227392,1,0,0
neapoli,Διαμέρισμα,503.0,101,125.75,4.0,2.0,2.0,2.0,0.5,0.5,1,1,5.0,excellent,5.0,christina,40.6311,22.948,1,1,1
neapoli,Διαμέρισμα,375.0,75,93.75,4.0,1.0,2.0,1.0,0.5,0.25,1,1,4.98,excellent,52.0,dimitris,40.6415,22.96,1,1,1
neapoli,Γκαρσονιέρα,298.0,60,149.0,2.0,1.0,1.0,1.0,0.5,0.5,1,0,4.8,excellent,102.0,ioanna apartments,40.6389,22.9362,1,0,0
neapoli,Διαμέρισμα,393.0,79,78.6,5.0,2.0,3.0,1.0,0.6,0.4,1,1,4.84,excellent,8.0,marinela,40.6473,22.9417,1,1,1
neapoli,Διαμέρισμα,317.0,64,79.25,4.0,1.0,2.0,1.0,0.5,0.25,1,0,4.85,excellent,330.0,sakis  katerina,40.6287,22.9504,1,1,0
neapoli,Γκαρσονιέρα,433.0,87,216.5,2.0,1.0,1.0,1.0,0.5,0.5,1,1,5.0,excellent,140.0,efstathios,40.63741,22.95506,1,0,1
neapoli,Γκαρσονιέρα,352.0,71,176.0,2.0,1.0,2.0,1.0,1.0,0.5,1,1,4.95,excellent,59.0,alexandros,40.6347,22.9536,1,0,1
neapoli,Διαμέρισμα,318.0,64,63.6,5.0,2.0,3.0,1.0,0.6,0.4,1,0,4.85,excellent,13.0,jk,40.6436,22.9601,1,1,0
neapoli,Γκαρσονιέρα,349.0,70,174.5,2.0,1.0,1.0,1.0,0.5,0.5,1,1,5.0,excellent,8.0,παυλος,40.6404,22.9364,1,0,1
neapoli,Διαμέρισμα,357.0,72,89.25,4.0,1.0,2.0,1.0,0.5,0.25,1,1,4.86,excellent,50.0,nandia,40.6327,22.9488,1,1,1
neapoli,Διαμέρισμα,226.0,46,75.33333333333333,3.0,1.0,2.0,1.0,0.6666666666666666,0.3333333333333333,1,0,4.73,excellent,26.0,chrysovalantou,40.63530153,22.95227391,1,0,0
